User,Date,Text,Reply,Repost,Like,View
@Vhienaiueo,2024-09-29-06:19:47,"Terima kasih Pak Jokowi, atas komitmennya dalam memeratakan kesejahteraan bangsa Indonesia.#TerimaKasihPakJokowi #KerjaNyataJokowi #JokowiMerakyat #JokowiBerdedikasi #KaryaNyata #IndonesiaMaju",0,1,0,13
@Keluarga_ngibul,2024-09-29-03:31:53,Terima kasih jokowi,0,0,0,2
@Boc0raluss,2024-09-29-02:58:23,"Kerja nyata 10 tahun terakhir masa kepemimpinan Presiden Jokowi mendapatkan pengakuan dan apresiasi dari berbagai penjuru negeri. Terima kasih Pak Jokowi, atas komitmennya dalam memeratakan kesejahteraan bangsa Indonesia.#TerimaKasihPakJokowi #IndonesiaMaju",0,1,0,21
@Aqil__Rasyad,2024-09-29-00:31:19,Terima Kasih Pak  sudah menjadi presiden yg baik untuk rakyat Indonesia.,1,7,5,4591
@FitraYouse,2024-09-29-00:24:38,baliho seperti bapak mulyono yg pada sebar baliho ucapan terima kasih pak jokowi dari dirinya ke presiden mulyono di akhir masa menjabad#FufufafaAibNasionalEnaknya dibuat kaos atau baliho???#AnakMulyonoTengilSemua,0,1,3,54
@ANuraniseh36459,2024-09-28-23:16:40,Terima kasih sudah jual tanah kami...Terima kasih sudah tipu kami...Terima kasih Presiden Jokowi #terimakasihjokowi @jokowi #terimakasihpresidenjokowi,0,0,0,8
@sellamoore,2024-09-28-21:46:36,"Terima kasih, Presiden Jokowi, atas pengabdian yang luar biasa. Berbagai kebijakan dan pembangunan yang telah dilakukan telah membawa banyak perubahan positif bagi Indonesia. #TerimaKasihJokowi",0,1,0,14
@firman_hdyt22,2024-09-28-20:59:26,"Kepemimpinan Jokowi benar-benar membawa Indonesia maju, terima kasih banyak.",0,0,0,6
@YoYoAyo17845,2024-09-28-20:55:40,"MAHADONGO NYINYIRKATOR PENGKHIANAT BANGSA-MU SENDIRI 

YG SOK BENAR 
SOK TERPELAJAR 
SOK KRITISI 

TAPI GAK PAHAM ILMU DASAR EKONOMI 

SELURUH DUNIA, SAAT INI MENGALAMI ""PÈNURUNAN"" EKONOMI
AKIBAT US MAU BANGKRUT 

LU HARUSNYA ",2,0,3,44
@indonesia_r11,2024-09-28-20:52:10,"Terima kasih Pak Jokowi, atas komitmennya dalam memeratakan kesejahteraan bangsa Indonesia.#TerimaKasihPakJokowi #KerjaNyataJokowi #JokowiMerakyat #JokowiBerdedikasi #KaryaNyata#IndonesiaMaju #Pilkada2024 #viralvideo",0,1,0,28
@indonesia_r11,2024-09-28-20:42:10,"Terima kasih Pak Jokowi, atas komitmennya dalam memeratakan kesejahteraan bangsa Indonesia.#TerimaKasihPakJokowi #KerjaNyataJokowi #JokowiMerakyat #JokowiBerdedikasi #KaryaNyata#IndonesiaMaju #Pilkada2024  #viralvideo",0,1,0,23
@indonesia_r11,2024-09-28-20:35:59,"Terima kasih Pak Jokowi, atas komitmennya dalam memeratakan kesejahteraan bangsa Indonesia.#TerimaKasihPakJokowi  #KerjaNyataJokowi  #JokowiMerakyat  #JokowiBerdedikasi  #KaryaNyata  #IndonesiaMaju #Pilkada2024 #viralvideo",0,1,0,27
@kusewaku,2024-09-28-20:26:39,Terima kasih sudah mewakili,1,0,2,9
@AlienxDarkstar,2024-09-28-20:09:13,"Kami dari SMK Negeri 1 KAlabahi Jurusan TKJ, sangat antusias menunggu kehadiran Bapak  , Presiden RI dan berkunjung ke Ruang Jurusan kami. Terima Kasih Bapak Presiden, Tuhan Yang Maha Esa menjaga kunjungan kerja Bapak",0,0,0,57
@RezziAjja,2024-09-28-18:56:15,Ucapan Terima Kasih Ketua aliansi pemuda pencaker  Kabupaten Maybrat Terhadap 10 tahun Kepemimpinan Presiden Jokowi,0,1,0,17
@ClassKouki12006,2024-09-28-18:55:06,"Halo, kak. Saya ingin promosi. Saya membuka kursus online bhs jepang tingkat pemula. Kursusnya privat, harga 250 rb (10x pertemuan online) melalui google meet. Apabila berminat bisa tanya” dulu. Terima kasih.",0,0,0,494
@m4s4g03s,2024-09-28-18:45:54,Terima kasih  ,0,0,0,36
@Diboyoooo,2024-09-28-18:41:01,Terima kasih Bp Jokowi yg telah bekerja keras membangun negeri,0,0,0,7
@putra7776378419,2024-09-28-18:26:47,Terima kasih kepada Jokowi atas kepemimpinannya yang penuh dedikasi. Selamat kepada Prabowo Subianto sebagai Presiden RI 2024-2029. #TerimaKasihPakJokowi #PresidenJokowi #Jokowi #Gibran #GibranRakaBuming #GibranRakaBumingRaka #SelamatPakPrabowo #Prabowo #JagaIndonesia,0,1,0,35
@HKotabumi74424,2024-09-28-18:11:56,Atas nama rakyat ind yang pro dengan pemerintahan dan perjuangan jokowi kami mengucapkan terima kasih yang sebesar2nya......masadepan ind leebih baik,1,1,1,73
@Masden71,2024-09-28-18:02:52,Terima Kasih Gus Menteri atas segala Dedikasinya selama ini. Barokah selalu menyertai anda.  ,0,0,0,11
@rikywolf444,2024-09-28-18:00:39,Era kepemimpinan Presiden Jokowi selama 1 Dekade telah membawa banyak perubahan positif di NTT. Perubahan ini menunjukan komitmen Beliau dalam meningkatkan kualitas hidup masyarakat NTT. Terima kasih Pak Jokowi!,0,1,1,22
@SoloMubarak,2024-09-28-17:41:32,"Saya juga melihatnya begitu 
Pak Jokowi berhasil membuka lapangan kerja buat penduduk China serta meningkatkan utang yang sangat tinggi Terima kasih pak JokowiBerhasil membangun Mobil Nasional EsEmKa yang sampai saat ini masih ghoib",1,1,4,1931
@wildanmaulana,2024-09-28-17:40:40,Terima kasih Pak ,0,1,0,19
@Boc0raluss,2024-09-28-17:40:08,"Kerja nyata 10 tahun terakhir masa kepemimpinan Presiden Joko Widodo mendapatkan pengakuan dan apresiasi dari berbagai penjuru negeri. Terima kasih Pak Jokowi, atas komitmennya dalam memeratakan kesejahteraan bangsa Indonesia.#TerimaKasihPakJokowi #IndonesiaMajuPasukan Sumala",0,1,0,49
@DugulIwan,2024-09-28-17:38:05,"Terima kasih pencerahannya sayang waktu itu Jokowi tdk membacakan dengan lengkap hanya mengatakan Jakarta bukan lagi daerah khusus ibukota tapi beliau hanya mengatakan daerah khusus jakarta 
Tapi btw makasih pencerahannya  maaf kalau salah kata ",0,0,2,51
@Boc0raluss,2024-09-28-17:37:34,"Kerja nyata 10 tahun terakhir masa kepemimpinan Presiden Joko Widodo mendapatkan pengakuan dan apresiasi dari berbagai penjuru negeri. Terima kasih Pak Jokowi, atas komitmennya dalam memeratakan kesejahteraan bangsa Indonesia.#TerimaKasihPakJokowi #IndonesiaMaju",0,1,0,19
@AdellioR,2024-09-28-17:37:14,"10 tahun kepemimpinan Jokowi membawa perubahan besar bagi Indonesia. Infrastruktur maju, ekonomi semakin kokoh, dan kesejahteraan rakyat terus meningkat. Terima kasih Pak Jokowi atas dedikasinya untuk negeri #10TahunJokowi #KemajuanIndonesia #TerusBerkarya",0,1,0,21
@Capitalisborju,2024-09-28-17:23:17,Poinnya bukan itu bro... Dia  aparat digaji oleh pajak rakyat. Terima kasih apaan? Mereka yg musti terimakasih ke rakyat bisa kerja dan dapat gaji.,2,0,3,48
@ABDRAFIK11,2024-09-28-17:12:50,Terima kasih Gus menteri sebagai Bapak Pendamping Desa Sukses   ,0,0,0,9
@joulepakir,2024-09-28-17:11:15,Terima kasih matamu...,0,0,0,39
@cabronesmetal,2024-09-28-17:05:06,terima kasih pak  mulyono ,0,0,0,10
@KumalaSari0447,2024-09-28-16:01:12,Terima kasih Bapak Jokowi atas Program Pembangunan Perumahan Bagi Masyarakat Indonesia,0,0,0,15
@masjokowira,2024-09-28-16:00:08,"Kerja nyata 10 tahun terakhir masa kepemimpinan Presiden Joko Widodo mendapatkan pengakuan dan apresiasi dari berbagai penjuru negeri. Terima kasih Pak Jokowi, atas komitmennya dalam memeratakan kesejahteraan. #TerimaKasihPakJokowi #KerjaNyataJokowi #JokowiMerakyat",0,1,0,20
@backproperties,2024-09-28-15:54:24,Apresiasi dari tokoh ormas dan adat atas 10 tahun kepemimpinan Presiden Jokowi. Terima kasih telah membawa kesejahteraan merata bagi rakyat Indonesia#TerimaKasihPakJokowi #KerjaNyataJokowi #JokowiMerakyat #JokowiBerdedikasi #KaryaNyata#IndonesiaMaju,0,1,0,16
@questionbreak_,2024-09-28-15:53:16,"Kepemimpinan Presiden Jokowi selama 10 tahun diapresiasi tokoh-tokoh adat. Terima kasih Pak Jokowi, untuk pemerataan kesejahteraan di seluruh pelosok negeri#TerimaKasihPakJokowi #KerjaNyataJokowi #JokowiMerakyat #JokowiBerdedikasi #KaryaNyata#IndonesiaMaju",0,1,0,16
@questionbreak_,2024-09-28-15:52:52,Kerja keras dan komitmen Presiden Jokowi selama 10 tahun diapresiasi oleh tokoh ormas dan adat. Terima kasih atas upaya memajukan Indonesia#TerimaKasihPakJokowi #KerjaNyataJokowi #JokowiMerakyat #JokowiBerdedikasi #KaryaNyata#IndonesiaMaju,0,1,0,15
@backproperties,2024-09-28-15:51:06,Presiden Jokowi mendapat apresiasi luas dari tokoh ormas dan adat atas 10 tahun pengabdiannya. Terima kasih atas komitmen membangun Indonesia yang lebih sejahtera#TerimaKasihPakJokowi #KerjaNyataJokowi #JokowiMerakyat #JokowiBerdedikasi #KaryaNyata#IndonesiaMaju,0,1,0,22
@wasfull21,2024-09-28-15:46:05,Terima Kasih Gus Menteri Sebagai Bapak Pendamping Desa     ,0,0,1,17
@vanc1Bozz,2024-09-28-15:41:18,"Dulu jadi tukang cebok nya Mulyono skrg sok-sokan jadi oposisi! 
Dasar cebong gak tau terima kasih lu! 
Mentang2 Jokowi dah mau lengser dan gak ada duitnya lagi, lu khianati dia! ",21,32,328,92823
@Negaramowototo,2024-09-28-15:38:15,Terima kasih kepada Jokowi atas kepemimpinannya yang penuh dedikasi. Selamat kepada Prabowo Subianto sebagai Presiden RI 2024-2029. #TerimaKasihPakJokowi #PresidenJokowi #Gibran #Prabowo #JagaIndonesia #Indonesia2045,0,1,0,28
@NurulH_72,2024-09-28-15:36:46,Terima Kasih Gus Menteri Sebagai Bapak Pendamping Desa Sukses      ,0,0,0,19
@rani_mahfud,2024-09-28-15:15:58,"Banyak program yang memberikan manfaat bagi rakyat. Terima kasih, Pak Jokowi.",0,0,0,12
@KumalaSari0447,2024-09-28-15:15:49,"Terima kasih Jokowi, Selamat Datang Prabowo",0,0,0,15
@purnawati_vanya,2024-09-28-15:10:30,Terima Kasih Pak Jokowi,0,0,0,4
@susanti_rika4,2024-09-28-14:56:31,Terima kasih Pak Jokowi atas dedikasi dan kerja kerasnya untuk bangsa ini.,0,0,0,7
@mazaya_imani3,2024-09-28-14:54:48,"Terima kasih Pak Jokowi, semoga legacy ini terus berlanjut untuk generasi mendatang.",0,0,0,8
@brayen43492916,2024-09-28-14:50:39,"Terima kasih, Presiden Jokowi, atas pengabdian yang luar biasa. Berbagai kebijakan dan pembangunan yang telah dilakukan telah membawa banyak perubahan positif bagi Indonesia.",0,0,0,7
@bedia_ecrinn,2024-09-28-14:48:57,"Jokowi telah membuat perbedaan nyata dalam kehidupan rakyat, terima kasih atas semua upayanya.",0,0,0,7
@Inocantiksekali,2024-09-28-14:47:53,"Kerja nyata 10 tahun terakhir masa kepemimpinan Presiden Joko Widodo mendapatkan pengakuan dan apresiasi dari berbagai penjuru negeri. Terima kasih Pak Jokowi, atas komitmennya dalam memeratakan kesejahteraan bangsa Indonesia. #TerimaKasihPakJokowi #KerjaNyataJokowi #Jokowi",0,0,0,8
@caknur1414,2024-09-28-14:33:25,"Warga Indonesia katakan.. Terima kasih pak  #JudolCelaka 

TANGKAPROYSURYO
Tukang Hoax#SukseskanGPMandalika",0,8,10,154
@Arosbayaoke,2024-09-28-14:30:37,Terima Kasih Gus Menteri atas segala Dedikasinya selama ini. Barokah selalu menyertai anda.     ,0,0,1,10
@MaryDunn249678,2024-09-28-14:27:19,"Transisi kepemimpinan bukanlah akhir, melainkan awal baru. Terima kasih Jokowi atas dedikasi dan selamat datang Prabowo untuk melanjutkan perjuangan bangsa!  #HarmoniBangsa",0,0,0,9
@caknur1414,2024-09-28-14:22:16,"Sepatah kata untuk pak  Terima Kasih Pak.. #JudolCelaka 

TANGKAPROYSURYO
Tukang Hoax#SukseskanGPMandalika",0,7,9,88
@caknur1414,2024-09-28-14:20:06,"Terima Kasih Pak  atas VISI dan AKSI untuk Indonesia#JudolCelaka 

TANGKAPROYSURYO
Tukang Hoax#SukseskanGPMandalika",1,9,9,382
@rikywolf444,2024-09-28-14:15:41,"Kerja nyata 10 tahun terakhir masa kepemimpinan Presiden Joko Widodo mendapatkan pengakuan dan apresiasi dari berbagai penjuru negeri. Terima kasih Pak Jokowi, atas komitmennya dalam memeratakan kesejahteraan bangsa Indonesia.#TerimaKasihPakJokowi #KerjaNyataJokowi",0,0,1,8
@caknur1414,2024-09-28-14:07:26,"Terima kasih pak  atas pengabdiannya selama ini #JudolCelaka 

TANGKAPROYSURYO
Tukang Hoax#SukseskanGPMandalika",0,7,9,114
@PesonaNegeriku2,2024-09-28-13:59:22,Ucapan Terima Kasih Ketua Asosiasi Nusantara UMKM Kabupaten Sorong Terhadap 10 Tahun Pemerintahan Presiden Jokowi,0,0,0,13
@bRoNd0N9,2024-09-28-13:54:38,"Terima kasih pak jokowi, kami akhirnya bisa.menikmati jalan yg bagus, walau ga sebagus di kajarta tp sangat lebih baik kami nikmati....",0,0,0,6
@Polsek_Kampit,2024-09-28-13:34:51,Perkenalkan nama saya Jusan Kepala desa Kurnia jaya dalam hal ini sayang ingin mengucapkan kepada Bapak Presiden Jokowi terima kasih atas telah berakhirnya pemerintahan pak Jokowi namun di dalam pelaksanaan pembangunan di pemerintahan pak Jokowi selama 2 periode sangat membangun,0,0,1,14
@DANAUBERITA,2024-09-28-13:25:37,"Kerja nyata 10 tahun terakhir masa kepemimpinan Presiden Joko Widodo mendapatkan pengakuan dan apresiasi dari berbagai penjuru negeri. Terima kasih Pak Jokowi, atas komitmennya #TerimaKasihPakJokowi #KerjaNyataJokowi #JokowiMerakyat #JokowiBerdedikasi #KaryaNyata #IndonesiaMaju",1,0,0,8
@HarcumTj,2024-09-28-13:24:08,10 tahun yang penuh kerja nyata untuk kesejahteraan bangsa. Terima kasih Pak Jokowi! #TerimaKasihPakJokowi #KerjaNyataJokowi #JokowiMerakyat #JokowiBerdedikasi #KaryaNyata #IndonesiaMaju,0,0,0,7
@GraciaZaza,2024-09-28-13:16:01,"Terima kasih Pak Jokowi, atas komitmennya dalam memeratakan kesejahteraan bangsa Indonesia. #TerimaKasihPakJokowi #KerjaNyataJokowi #JokowiMerakyat #JokowiBerdedikasi #KaryaNyata #IndonesiaMaju",0,0,0,3
@kompascom,2024-09-28-13:11:07,Momen Putra-Putri Awak KRI Nanggala 402 Ucapkan Terima Kasih ke Jokowi,1,1,5,2044
@Monikanihil,2024-09-28-13:09:31,"Infrastruktur pertanian makin oke, pangan terjaga, Indonesia makin kuat! Terima kasih Jokowi! #IndonesiaMaju #PembangunanInfrastruktur #KaryaNyata",0,0,0,3
@bille3299,2024-09-28-13:08:52,"Kerja nyata 10 tahun terakhir masa kepemimpinan Presiden Joko Widodo mendapatkan pengakuan dan apresiasi dari berbagai penjuru negeri. Terima kasih Pak Jokowi, atas komitmennya dalam memeratakan kesejahteraan bangsa Indonesia.#KerjaNyataJokowi #KaryaNyata #IndonesiaMaju",0,0,0,4
@jordi_danny,2024-09-28-12:58:35,"Terima kasih Pak Jokowi, Kalimantan Tengah menjadi lebih baik",0,0,1,7
@BeltimSi,2024-09-28-12:54:25,"kepada presiden yang baru dan terima kasih kepada pak Jokowi yang telah melaksanakan pemerintahan selama 2 periode kemarin, saya akhiri apabila assalamualaikum wr. wb

@listyosigitprabowo.polri
@humas_poldakep.babel
@spripimpoldababel
@humasresbeltim
@divisihumaspolri",1,0,4,13
@BeltimSi,2024-09-28-12:54:20,Perkenalkan nama saya Jusan Kepala desa Kurnia jaya dalam hal ini sayang ingin mengucapkan kepada Bapak Presiden Jokowi terima kasih atas telah berakhirnya pemerintahan pak Jokowi namun di dalam pelaksanaan pembangunan di pemerintahan pak Jokowi selama 2 periode,1,0,4,24
@Doni_Nnn,2024-09-28-12:35:07,"Km mah happy, lewat tol, nonton konser di JIS ( terima kasih pak Anis ), Jokowi menang, Prabowo menang, PKS dukung Ridwan, pokoknya full happy nya ..",1,0,1,50
@t_dharmawandi,2024-09-28-11:47:03,Ya memang pengikutnya pa jokowi yang ga paham. Terima kasih telah menyadarkan pengikutnya,0,0,0,30
@medan_fakta,2024-09-28-11:42:57,Terima kasih Pak Jokowi,0,0,0,18
@CabiReina,2024-09-28-11:26:10,"Kerja nyata 10 tahun terakhir masa kepemimpinan Presiden Joko Widodo mendapatkan pengakuan dan apresiasi dari berbagai penjuru negeri. Terima kasih Pak Jokowi, atas komitmennya dalam memeratakan kesejahteraan bangsa Indonesia.",0,0,0,13
@IrminaReika,2024-09-28-10:39:33,Terima kasih Pak Jokowi yg sudah membangun bangsa dan Pak Prabowo semoga semakin maju,0,0,0,10
@Penjelajah01,2024-09-28-10:39:26,"Pak  pamit... Terima Kasih Pak  #JudolCelaka 

kompaktangguh prabowojkw#아니죠아니죠_쩡쩡이생일이죠samsung tab s10 #ジョンウずっと一緒にいよう20歳もこれからも",0,7,10,63
@TeddyWoga,2024-09-28-10:30:30,"Mr Jokowi seorang presiden yang luar biasa.
Rasa cinta tulus dari masyarakat yang tau membalas budi dan syukur juga terima kasih kepada beliau adalah hal lumrah.",0,0,1,193
@Penjelajah01,2024-09-28-10:26:01,"Terima kasih atas Visi dan Aksi pak  #JudolCelaka 

kompaktangguh prabowojkw#아니죠아니죠_쩡쩡이생일이죠samsung tab s10 #ジョンウずっと一緒にいよう20歳もこれからも",0,7,10,76
@Penjelajah01,2024-09-28-10:19:57,"Terima Kasih Pak  atas VISI dan AKSI untuk Indonesia#JudolCelaka 

kompaktangguh prabowojkw#아니죠아니죠_쩡쩡이생일이죠samsung tab s10",0,8,9,141
@nxflzy,2024-09-28-10:16:32,"Terima kasih pak jokowi atas kritiknya, semoga keresahannya didengar oleh presiden ",0,0,0,63
@DintarSyahdu,2024-09-28-10:05:23,"Ucapan terima kasih dr Masyarakat Papua Dr. Martha Pigome, S.H., M.Hum (Pj Bupati Kabupaten Paniai) kepada Presiden Jokowi yang telah membawa perubahan di Papua dalam segala aspek, baik pembangunan, pendidikan, serta kesehatan selama 1 Dekade masa kepemimpinan #jokowi #papua",0,0,1,38
@DintarSyahdu,2024-09-28-09:56:32,Ucapan terima kasih dr Masyarakat Papua Alex Silo Sukarno Doga (Kepala Suku Besar Pegunungan) kepada Presiden Jokowi yang telah membawa perubahan di Papua terkhusus dalam pembangunan infrastruktur selama 1 Dekade masa kepemimpinan #papua #prabowo #indonesia #presiden,0,0,1,41
@DintarSyahdu,2024-09-28-09:52:01,"Ucapan terima kasih dr Masyarakat Papua Yohanes Yance Boyou (Ketua Lemasko) kepada Presiden Jokowi yang telah membawa perubahan di Papua selama 1 Dekade masa kepemimpinan, dan harapan kepada presiden terpilih #Jokowi #papua #prabowo #indonesia #presiden",0,0,1,33
@DintarSyahdu,2024-09-28-09:48:14,"Ucapan terima kasih dr Masyarakat Papua Matius Fonataba (Tokoh Pemuda Saireri Kabupaten Mimika) kepada Presiden Jokowi yang telah membawa perubahan di Papua terkhusus dalam pembangunan selama 1 Dekade masa kepemimpinan, dan harapan kepada presiden terpilih #Jokowi #papua #prabowo",0,0,0,36
@JokoBangun7,2024-09-28-09:43:05,"Terima kasih pak jokowi, bengkel saya sdh bagus..",0,0,0,97
@dekade_08,2024-09-28-09:02:25,"Terima kasih, Pak Jokowi, atas dedikasi, keringat, dan kerja keras yang tak kenal lelah. Di bawah kepemimpinanmu, kami menyaksikan mimpi-mimpi besar Indonesia yang mulai terwujud.#Jokowi #TerimaKasihJokowi #UntukIndonesia #Dekade08 #MendingPrabowo #terusmajubersamaprabowo",0,5,7,117
@BANGSAygSUJUD,2024-09-28-08:21:45,"Terima kasih telah menjaga bapak  dg baik 

Pengabdian mu diukir oleh langit, mayor Tedy Terima kasih Tuhan telah Engkau kirim sosok terbaik yg memimpin kami di saat dunia sedang tidak baik-baik saja, Presiden  dan Presiden terpilih Prabowo",49,45,217,32961
@rikywolf444,2024-09-28-08:19:46,"Dwiputra Mone Mangngi (Entrepreneur / Content Creator) mengucapkan terima kasih kepada Presiden Jokowi atas dedikasi dan kerja keras selama 10 tahun membangun Indonesia, terkhususnya Indonesia Timur terutama pada sektor parawisata dan ekonomi kreatif di NTT.",0,0,1,24
@WMotret77701,2024-09-28-07:36:52,"Dalam 10 tahun, UMKM bangkit dan berkembang, menjadi pilar ekonomi kita. Terima kasih, Pak , atas dukungan bagi para pelaku usaha kecil yang kini lebih kuat dan mandiri.  #TerimaKasihPakJokowi #Jokowihebat #JokowiMembangunNegeri #IndonesiaMaju #KerjaNyata.",0,0,2,12
@questionbreak_,2024-09-28-07:18:43,Terima kasih dari tokoh adat se-Indonesia kepada Presiden Jokowi atas pengabdiannya selama satu dekade demi kesejahteraan rakyat#TerimaKasihPakJokowi #KerjaNyataJokowi #JokowiMerakyat #JokowiBerdedikasi #KaryaNyata#IndonesiaMaju,0,0,0,7
@Beritasatu,2024-09-28-05:08:12,"Dear Pak Jokowi, Terima Kasih Telah Bangun Jalan dan Jembatan Sepanjang Ini Selama 10 Tahun  #beritasatu #news #berita",1,1,3,874
@izharishaksa,2024-09-28-00:41:32,"Terima kasih Presiden Jokowi dan jajarannya, semoga semakin baik dilanjutkan oleh Presiden Prabowo.HILIRISASI: MENGGENGGAM (LOGAM) MULIA 

Oleh: Fahri Hamzah 

Sa y a b e r s y u k u r s e k a l i b i s a menyaksikan tiga peristiwa penting di a w a l p e k a n i n i . S a y a d i a j a k menyaksikan peresmian tiga smelter di tiga tempat yang melambangkan tiga jenis pulau yang",0,0,0,30
@Cakra_Dhafi,2024-09-27-23:39:11,Terima kasih Pak Jokowi ,0,0,0,24
@hariqosatria,2024-09-27-23:03:08,Terima kasih Presiden Jokowi #terimakasihjokowi  #terimakasihpresidenjokowi,93,50,233,10620
@HarcumTj,2024-09-27-22:44:34,"Terima kasih Pak Jokowi, pembangunan Jalan Inpres bantu percepat pertumbuhan daerah! #IndonesiaEmas #TerimaKasihPakJokowi #KerjaNyataJokowi #JokowiMerakyat #JokowiBerdedikasi #KaryaNyata #Jalan #InfrastrukturJokowi #JalanInpres",0,0,0,5
@HarcumTj,2024-09-27-22:05:43,"Kepemimpinan yang mendengarkan rakyat dan agama, terima kasih Pak Jokowi! #TerimaKasihPakJokowi #KerjaNyataJokowi #JokowiMerakyat #JokowiBerdedikasi #KaryaNyata #IndonesiaMaju",0,0,0,8
@kiebond,2024-09-27-21:49:17,Oh berarti wapres termasuk yang menggantungkan hidupnya pd orang lain. Terima kasih akhirnya saya faham,1,0,1,12
@jackjhondoe,2024-09-27-21:47:01,"kalo membandingkan hutang bersyarat ketat dengan hutang lainnya ..bukan soal $9 M tapi syarat nya ..! 
Gak seneng banget loe Nerima kenyataan kalo  berhasil melunasi hutang IMF , ya udah sih syukurin aja ,bilang ke terima kasih ",1,0,0,11
@agustianalief03,2024-09-27-21:05:14,Kami bersukacita mengucapkan terima kasih atas ketulusan kinerja dari Bapak Jokowi yang telah berhasil membangun berbagai sarpras maupun infrastruktur di Indonesia. #TerimakasihPakJokowi#JokowiHebat,0,0,0,11
@liamcomequeto,2024-09-27-19:48:11,"Wah, semangat banget nih buat olahraga basket di Indonesia. Terima kasih FIBA!",0,0,0,8
@iksanjumardi,2024-09-27-19:14:03,Pujian dan rasa terima kasih dari masyarakat untuk Bapak presiden #jokowi,0,0,0,8
@iksanjumardi,2024-09-27-19:11:56,"Terima Kasih Pak dari Drs. KH. Wirta Amin Assalaf,  (Ketua FKDM Jakarta Utara) #jokowi",0,0,0,8
@thanzhunk,2024-09-27-19:04:34,"10 tahun penuh kerja nyata untuk rakyat, terima kasih Pak Jokowi! #TerimaKasihPakJokowi #KerjaNyataJokowi #JokowiMerakyat #JokowiBerdedikasi #KaryaNyata #IndonesiaMaju",0,0,0,5
@thanzhunk,2024-09-27-19:02:11,"Infrastruktur kuat, ekonomi daerah makin tumbuh! Terima kasih, Pak Jokowi! #IndonesiaEmas #TerimaKasihPakJokowi #KerjaNyataJokowi #JokowiMerakyat #JokowiBerdedikasi #KaryaNyata #Jalan #InfrastrukturJokowi #JalanInpres",0,0,0,5
@thanzhunk,2024-09-27-18:56:51,"Dari mentah ke bernilai tinggi, terima kasih Jokowi atas smelter! #TerimaKasihPakJokowi #KerjaNyataJokowi #JokowiMerakyat #JokowiBerdedikasi #KaryaNyata",0,0,0,6
@thanzhunk,2024-09-27-18:52:31,"Kepemimpinan yang tulus dan berorientasi pada rakyat, terima kasih Pak Jokowi! #TerimaKasihPakJokowi #KerjaNyataJokowi #JokowiMerakyat #JokowiBerdedikasi #KaryaNyata #IndonesiaMaju",0,0,0,7
@nurkholiskhozin,2024-09-27-18:15:17,"Kamu tdk mengerti bagai mana imbas dari covid-19, bangak negara yg ambruk dan indonesia Alhamdulillah aman, sekarang lagi genjar membanbun perusahaan utk penyerapan tenaga kerja terima kasih Pak Jokowi, sekarang banyak orang 
sakit hati. Selamat bagi barisan sakit hati.",1,0,0,60
@Negaramowototo,2024-09-27-18:02:34,"Terima kasih Presiden Jokowi atas dedikasi luar biasa selama dua periode, dan selamat kepada Prabowo Subianto sebagai pemimpin Indonesia 2024-2029.#TerimaKasihPakJokowi #PresidenJokowi #Gibran #GibranRakaBumingRaka #Kaesang #JagaIndonesia #Indonesia2045",0,0,0,33
@suradiparlan5,2024-09-27-17:59:47,"Salah satu Presiden terbaik didunia, Presiden yang mencintai dan dicintai rakyatnya sampai kapanpun,terima kasih pa Jokowi jasamu selalu dikenang",0,0,0,59
@RachelAmber55,2024-09-27-16:48:31,Terima Kasih Presiden Jokowi Dodo atas Perhatian dan Komitmennya Dalam Pembangunan Di Provinsi Aceh#TerimaKasihPakJokowi #PresidenJokowi #Jokowi  #JagaIndonesia #Indonesia2045,0,0,0,13
@putra7776378419,2024-09-27-16:26:02,"Terima kasih Presiden Jokowi atas dedikasi luar biasa selama dua periode, dan selamat kepada Prabowo Subianto sebagai pemimpin Indonesia 2024-2029.#TerimaKasihPakJokowi #PresidenJokowi #Jokowi #Gibran #GibranRakaBuming #GibranRakaBumingRaka #Kaesang #KaesangPangarep",0,0,0,57
@Boc0raluss,2024-09-27-16:14:55,"Para tokoh adat dari berbagai wilayah Indonesia menyampaikan terima kasih kepada Presiden Jokowi atas 10 tahun masa kepemimpinannya.. 
KompakTANGGUH PRABOWOJKW#TerimaKasihPakJokowi #KerjaNyataJokowi",0,0,0,96
@Boc0raluss,2024-09-27-15:49:34,"Para tokoh adat dari berbagai wilayah Indonesia menyampaikan terima kasih kepada Presiden Jokowi atas 10 tahun masa kepemimpinannya yang didedikasikan penuh untuk rakyat.
KompakTANGGUH PRABOWOJKW#TerimaKasihPakJokowi #KerjaNyataJokowi",0,0,0,39
@tatapratiwi_1,2024-09-27-15:45:17,Para tokoh agama menyampaikan ucapan terima kasih dan apresiasi kepada Presiden Jokowi karena hasil kinerjanya memberikan manfaat yang luar biasa.#TerimaKasihPakJokowi #KerjaNyataJokowi #JokowiMerakyat #JokowiBerdedikasi #KaryaNyata #IndonesiaMaju,0,0,0,26
@satriakos,2024-09-27-15:37:27,Pak Jokowi terima kasih atas pelayananmu,0,0,1,70
@SatuNusantara3,2024-09-27-15:14:56,Terima kasih Pak Jokowi atas 1 Dekade memimpin Indonesia #KerjaNyata,0,0,0,5
@AbdulJaya404,2024-09-27-15:03:05,Terima kasih Pak Jokowi pembangunan infrastruktur sangat membantu masyarakat,0,0,1,7
@jordi_danny,2024-09-27-14:51:44,Terima kasih Presiden Jokowi atas dedikasi untuk Indonesia,0,0,1,8
@JSitambunan,2024-09-27-14:35:46,"Kesejahteraan rakyat semakin meningkat. Terima kasih atas perhatianmu, Pak Jokowi!#TerimaKasihJokowi #IndonesiaMaju",0,0,0,4
@NanaSofs,2024-09-27-14:33:38,"Para pakar memuji dan mengapresiasi kinerja dan capaian Presiden Joko Widodo selama 10 tahun masa pemerintahannya. Terima kasih Pak Jokowi, atas dedikasinya untuk negeri.#TerimaKasihPakJokowi #KerjaNyataJokowi #KaryaNyata #IndonesiaMaju",0,0,0,13
@AsepTember44147,2024-09-27-14:12:36,"Ucapan Terimakasih dari Mantan Bupati Kabupaten Lebak, Ibu Hj. Iti Octavia Jayabaya untuk presiden jokowi yang sudah banyak membangun infrastruktur yang sangat bisa dirasakan rakyat #TerimaKasihPakJokowi #TerimaKasihPresidenJokowi #TerimaKasihJokowi #banggapunyapresidenJokowi",0,0,0,15
@jokowito987,2024-09-27-14:07:53,"Terima kasih pak Jokowi 

Playboi Carti
KompakTANGGUH PRABOWOJKW
 got7 With 25
Malik NABERS
P Diddy",0,0,0,332
@AdekDebra7,2024-09-27-14:00:00,"karena cuma lewat  Hilirisasi Industri nih, stabilitas ekonomi mampu terjaga. jadi kita dukung yuk upaya pemerintah agar hilirisasi berjalan lancar. dan Terima kasih pak jokowi, atas kepemimpinan nya yg sukses dengan hilirisasi",0,0,0,11
@perdatam33,2024-09-27-13:52:40,Terima kasih atas infonya mas ,0,0,1,31
@PesonaNegeriku2,2024-09-27-13:48:24,Ucapan Terima Kasih Frans Jacob Karet (Tokoh Intelektual Papua) Tarhadap 10 Tahun Kepemimpinan Jokowi,0,0,0,6
@NTT_Baomong,2024-09-27-13:13:02,Kinerja Presiden Jokowi yang berorientasi untuk kepentingan masyarakat luas. Hal itu menjadi dasar bagi para tokoh agama dalam menyampaikan ucapan terima kasih dan apresiasi kepada Presiden Joko Widodo #TerimaKasihPakJokowi #KerjaNyataJokowi #JokowiMerakyat #JokowiBerdedikasi,0,0,0,20
@dilanhaufal,2024-09-27-13:12:48,Terima kasih presiden jokowi dari masyarakat adat,0,0,0,7
@ramathyarahman,2024-09-27-12:56:19,Terima kasih Jokowi . Presiden terbaik,0,0,0,55
@DintarSyahdu,2024-09-27-12:36:47,Ucapan terima kasih dr Masyarakat Papua Alpianus Wetipo (Tokoh Intelektual Lapago /Cucu Silokarno Doga Tokoh Pepera) kepada Presiden Jokowi yang telah membawa perubahan di Papua terkhusus dalam pembangunan selama 1 Dekade masa kepemimpinan #Jokowi #papua #indonesia #prabowo,0,0,1,37
@DintarSyahdu,2024-09-27-12:32:41,"Ucapan terima kasih dr Masyarakat Papua Teka Kogoya (Ketua LMA Yiginua Lanny Jaya) kepada Presiden Jokowi yang telah membawa perubahan di Papua terkhusus dalam pembangunan selama 1 Dekade masa kepemimpinan, dan harapan terhadap presiden terpilih #Jokowi #papua #indonesia #prabowo",0,0,1,29
@DintarSyahdu,2024-09-27-12:29:17,"Ucapan terima kasih dr Masyarakat Papua Otis Yoweni (Tokoh Pemuda Nabire) kepada Presiden Jokowi yang telah membawa perubahan di Papua terkhusus dalam pembangunan infrastruktur, ekonomi,  pendidikan, dan kesehatan selama 1 Dekade masa kepemimpinan #Jokowi #papua #prabowo",0,0,1,34
@DintarSyahdu,2024-09-27-12:25:10,Ucapan terima kasih dr Masyarakat Papua Agustinus Dewop (Tokoh Masyarakat Boven Dogoel) kepada Presiden Jokowi yang telah membawa perubahan di Papua terkhusus dalam pembangunan selama 1 Dekade masa kepemimpinan #Jokowi #papua #indonesia #prabowo #presiden #papuamaju,0,0,1,31
@zebitgrow33,2024-09-27-11:44:05,Terima kasih atas kontribusi almh. Verawaty Fajrin untuk bulutangkis Indonesia. Semoga amal ibadahnya diterima dengan baik,0,0,0,7
@nellychan666,2024-09-27-11:24:36,Fahri Hamzah mengungkapkan terima kasih kepada Jokowi! Apresiasi ini tentu mencerminkan harapan untuk terus berkolaborasi demi kemajuan bangsa.#JumatBerkah,0,0,1,10
@hariqosatria,2024-09-27-10:45:36,"Terima kasih Pak Jokowi, selamat mengabdi Pak Prabowo.",2,6,11,471
@medan_fakta,2024-09-27-10:26:43,Terima kasih Pak Jokowi...,0,0,0,13
@rikywolf444,2024-09-27-10:09:13,"Abdul Hamid, Sekretaris PCNU Kabupaten Manggarai Barat, menyampaikan rasa terima kasih yang mendalam kepada Presiden Jokowi atas sepuluh tahun dedikasi dan kepemimpinannya dalam membangun NTT.",0,0,1,32
@nung_306,2024-09-27-07:18:59,"Terima kasih Pak  selama ini kami selalu berkata ""Tidak ada visi-misi menteri, yang ada hanya visi-misi presiden""

melalui kinerja Menlu untuk Palestina, gw secara pribadi harus berterimakasih pada Presiden  

ayo sarapan dulu, biar gak oleng saat ngarit...Perjuangan Ibu Retno untuk membela Palestina di dunia internasional. Sehat-sehat selalu Ibu @Menlu_RI, kami semua sayang sama Ibu ",0,1,2,128
@AmandaSayasane4,2024-09-27-04:04:08,Milenial mengucapkan terima kasih atas 1 dekade kepemimpinan dan dedikasi Presiden Jokowi,0,0,1,9
@YunusSyam5,2024-09-27-01:32:57,"Terima kasih banyak Pak Jokowi, Bapak adalah Presiden pertama yg menginjakkan kaki di kampung kami Tanah Grogot Kabupaten Paser, ini sangat berarti bagi kami",4,0,0,227
@rieribet,2024-09-27-00:38:05,Terima Kasih Mbak   itu bukan Proyek Saya ,0,0,1,28
@rieribet,2024-09-27-00:19:07,Terima Kasih   ,0,0,0,101
@lailamubar27343,2024-09-26-22:26:38,Terima kasih telah ikut serta mengkriminalisasi...,0,0,0,38
@pln_123,2024-09-26-21:54:18,"  Baik Kakak Ika, informasi laporannya via DM sudah admin respon ya Kak mohon dapat dilakukan pengecekan. Terima kasih -Rivai",0,0,0,48
@mamagemoybiasa,2024-09-26-21:54:13,"sekali terima kasih gak terhingga Pak Presiden JokowiYohanes Ande Kala alias Joni pemanjad tiang bendera lulus jadi Bintara TNI AD

gerombolan bajer hipokrid bosok penyakitan makin kejang"" kesurupan ketabok fakta, penggiringan opini sesad nya gak laku Hari ini, saya kedatangan tamu, seorang pemberani: Yohanes Ande Kala alias Joni dari Belu, NTT.

Berkat keberanian Joni, merah putih tetap berkibar di puncak tiang dalam upacara Hari Kemerdekaan 17 Agustus lalu di Belu. Terima kasih, Joni.",0,0,0,54
@_AnnisaKarisma,2024-09-26-21:30:49,"Ucapan Terima Kasih untuk Bapak Presiden Terima kasih Bapak Presiden karena Bapak selalu memperhatikan kesejahteraan rakyat Indonesia. Bapak berjuang tanpa henti untuk keadilan sosial bagi rakyat Indonesia dari Sabang hingga Merauke. 

Kami bangga memiliki pemimpin",0,1,2,1469
@HarcumTj,2024-09-26-21:06:38,"Program sosial Jokowi menjaga ekonomi rakyat tetap bertahan, terima kasih Pak Jokowi! #EkonomiNasional #PerekonomianNasional #IndonesiaKiat #IndonesiaMaju #TerimaKasihPakJokowi #KerjaNyataJokowi #JokowiMerakyat #JokowiBerdedikasi #KaryaNyata",0,0,0,13
@ktujuh906,2024-09-26-20:50:39,"Terima kasih Bpk. Presiden, mudah2an jg masalah kebersihan bisa dididik kpd masyarakat luas dn populasi penduduk bisa ditekan! Gubernur Bali sangat tdk becus, trotoar dan jalan2 Bali sangat tdk memadai ",0,0,0,14
@bangluhut,2024-09-26-20:49:39,"Fahri Hamzah Minta Para Elite Akhiri Pertengkaran, Sambut Prabowo dan Ucapkan Terima Kasih kepada Jokowi - ",0,0,0,5
@leenaym09489137,2024-09-26-19:31:53,Sepuluh tahun Jokowi berhasil meningkatkan akses pendidikan dan kesehatan di pelosok negeri. Terima kasih untuk dedikasi bagi generasi muda!  #Jokowi10Tahun #AksesMerata,0,0,0,4
@fahhart77sh,2024-09-26-19:31:15,"Terima kasih, Jokowi, sudah mengembangkan program Kartu Prakerja yang membuka peluang kerja bagi jutaan rakyat Indonesia.  #Jokowi10Tahun #KerjaNyata",0,0,0,45
@belalnali29,2024-09-26-17:59:51,"Terima kasih Rosan, IKN bakal makin cepat terbangun!",0,0,0,2
@Michell34204002,2024-09-26-17:56:16,"Berbagai kebijakan dan pembangunan yang telah dilakukan telah membawa banyak perubahan positif bagi Indonesia.  Semoga semua pencapaian ini menjadi fondasi untuk masa depan yang lebih baik. Terima kasih, Presiden Jokowi, atas pengabdian yang luar biasa.",0,0,0,11
@belalnali29,2024-09-26-17:54:37,"Pembangunan IKN makin kencang, terima kasih Rosan!",0,1,0,23
@Am77Ahmadmusa,2024-09-26-15:48:54,"Dasar km  km orang yg palng bangsat dan km orang yg tdk pny rasa ber terima kasih kpda pemerintahan pak jokowi, km orang yg tdk pnya rasa balas budi,sy ingat wktu covid, orang sakit flu biasa bnyak yg di covidkan,itu sdh jd rhasia umum,spy klian pra medis dpt bnyk cuan",0,0,0,12
@SussySusanti9,2024-09-26-15:46:55,Keren!Terima kasih pak Jokowi ,0,0,1,76
@Xiao_Qul,2024-09-26-15:42:16,"Emang dari dulu mainnya gitu. Keputusan sendiri, mangkrak, dibilang keputusan rakyat.

Bansos pemilu pake uang negara, rakyat yg dikasih senang, akuin kalo itu bansos dari dia, sambil ngajarin ngomong terima kasih pak Jokowi. Yai. Y nya ganti T.",0,0,0,69
@thanzhunk,2024-09-26-15:33:09,"Mobilitas lancar, biaya logistik turun, terima kasih infrastruktur Jokowi! #IndonesiaEmas #TerimaKasihPakJokowi #KerjaNyataJokowi #JokowiMerakyat #JokowiBerdedikasi #KaryaNyata #Jalan #InfrastrukturJokowi",0,0,0,14
@SatuNusantara3,2024-09-26-15:32:46,Terima kasih Pak Jokowi atas kepemimpinan 1 Dekade,0,0,0,9
@waknadiir,2024-09-26-14:33:49,Terima   kasih Pak Jokowi atas pembangunan infrastruktur pertanian yang memperkuat   ketahanan pangan nasional.  #TerimaKasihPakJokowi   #PembangunanInfrastruktur,0,0,0,3
@FurqonGood,2024-09-26-14:25:26,TERIMA KASIH PRESIDEN JOKOWI OPTIMIS PAPUA JADI LUMBUNG PANGAN #MasaDepanPertanianPapua#TransformasiPertanianPapua#PapuaSejahteraBersamaJokowi#TerimaKasihPakJokowi#KerjaNyataJokowi#JokowiMerakyat#JokowiBerdedikasi#KaryaNyata,0,0,0,9
@rianiysaputri,2024-09-26-14:23:51,Terima kasih untuk pengabdian yang sudah sangat baik selama ini pak Jokowi Berhasil Publik Puas,0,0,0,15
@macherrys,2024-09-26-14:16:52,"Luar biasa dedikasi bapak untuk 10 tahun ini, terima kasih pak Jokowi Berhasil Publik Puas",0,0,0,11
@jordi_danny,2024-09-26-14:09:00,"Terima kasih Presiden Jokowi, optimis Papua jadi lumbung pangan",0,0,1,4
@Tonylunaaaa,2024-09-26-14:08:08,Terima kasih atas dedikasinya Jokowi Berhasil Publik Puas,0,0,0,8
@allegory1318,2024-09-26-14:06:05,Terima Kasih Pak Jokowi#TerimaKasihPakJokowi #KerjaNyataJokowi #JokowiMerakyat #JokowiBerdedikasi #KaryaNyata #IndonesiaMaju,0,0,0,2
@ziayoh,2024-09-26-14:04:56,"ternyata kinerja blio nyata ya ges ya bapak Jokowi Berhasil Publik Puas, terima kasih yaa pak atas kerja kerasnya",0,0,0,7
@cl3aning_,2024-09-26-14:01:13,terima kasih pak Jokowi Berhasil Publik Puas selama 10 tahun bekerja memimpin negara ini,0,0,0,32
@J7Sarii,2024-09-26-14:00:01,Kamu telah membuat departemen kita bersinar. Terima kasih atas usaha kerasmu!Jokowi Berhasil Publik Puas,0,0,0,2
@Ninissuryanii,2024-09-26-14:00:01,"Terima Kasih Pak Jokowi Yang Telah Membukti kan Kinerja nya Kepada seluruh rakyat Indonesia Selama 10 Tahun ngejabat ..
Pak Jokowi Menang Pemimpin Man Of The Match Good Luck Bapaku Jokowi Berhasil Publik Puas",0,0,0,10
@mikel_sirait,2024-09-26-14:00:00,"Bener bngt walau ada bbrp permasalahan tp gua percaya bahwa Secara menyeluruh, selama 10 tahun memerintah, Jokowi lebih banyak berhasil.Terima kasih pak JokowiJokowi Berhasil Publik Puas",0,0,0,1
@sriayuland_tyas,2024-09-26-14:00:00,Terima kasih Pak Jokowi atas dedikasi dan pengabdiannya untuk Indonesia. Semoga Indonesia semakin maju dan sejahtera di bawah kepemimpinan Anda.Jokowi Berhasil Publik Puas,0,0,0,3
@J7Sarii,2024-09-26-14:00:00,Ini adalah pekerjaan yang dilakukan dengan sangat baik. Terima kasih banyak.Jokowi Berhasil Publik Puas,0,0,0,2
@yadinorman10,2024-09-26-14:00:00,PAK JOKOWI MEMANG SELALU DICINTAI RAKYAT! Dimasa akhir jabatannya banyak masyarakat yg sedih serta mengcupkan terima kasih atas jasa beliauJokowi Berhasil Publik Puas,0,0,0,3
@patrici24074753,2024-09-26-14:00:00,"Terima kasih pak karena sudah memberikan yang terbaik bagi bangsa, semua senang dengan kinerja Jokowi Berhasil Publik Puas",0,0,0,7
@WendywettJ6,2024-09-26-14:00:00,Terima kasih atas pekerjaan luar biasa ini. Klien benar-benar bahagiaJokowi Berhasil Publik Puas,0,0,0,2
@hariqosatria,2024-09-26-13:45:23,"Keberanian itu penting, Terima kasih Pak ",2,2,5,1095
@RiceKa2,2024-09-26-12:46:20,"Terima kasih bapak ,baru kali pertama seorang presiden yang menginjakan kaki ke Tanah Grogot",2,0,1,457
@gathrighttracey,2024-09-26-12:20:07,Mardiyanto (Mahasiswa Gunungkidul) : Terima kasih jokowi telah memimpin indonesia 10 tahun,0,0,0,11
@VinoFabi0,2024-09-26-12:12:58,Edo (Sekretaris PAC Squad Nusantara) Mengucapkan terima kasih banyak dan sangat mengapresiasi sekali kinerja Pak Jokowi selama 2 periode karena program-program beliau sangat luar biasa #TerimakasihPakJokowi,0,0,1,21
@gathrighttracey,2024-09-26-12:05:08,Wahyu susanto (Ketua FPK Kota Yogyakarta) : Terima kasih jokowi atas pembangunannya,0,0,0,11
@gathrighttracey,2024-09-26-11:56:48,Lukman Arifin (Ketua PCNU Kab. Kulon Progo) : Terima kasih pak jokowi atas kepemimpinan selama 10 tahun yg membawa indonesia maju,0,0,0,12
@ClaraPu19417438,2024-09-26-11:31:44,Terima kasih Pak JokowiIndonesia Semakin Maju,0,0,0,16
@medan_fakta,2024-09-26-11:12:41,"Terima kasih Pak Jokowi..

Presiden terbaik Indonesia..!!",0,0,0,19
@Nabila760661,2024-09-26-11:11:17,Terima kasih atas pengabdianmu pada negeri #Jokowi #IndonesiaMaju,0,0,0,5
@PriaKemontol,2024-09-26-11:03:29,"Alhamdulillah, akhirnya 1 rupiah bisa tembus 10 ribu dollar. Terima kasih pak jokowi dodo.",2,0,0,436
@Adv_ERAT,2024-09-26-10:59:37,"FAKTA di NKRI Terima Kasih Bapak Presiden Republik Indonesia Ir.     

CC: Bapak Presiden Republik Indonesia Ir.   ",1,0,0,19
@Adv_ERAT,2024-09-26-10:52:41,"Terima Kasih Bapak Presiden Republik Indonesia Ir.     

CC: Bapak Presiden Republik Indonesia Ir.   Asosiasi Forum Kerukunan Umat Beragama Se-Indonesia (AFKUBI) memiliki peran penting dalam menjaga kedamaian dan keharmonisan di masyarakat.

Di tengah situasi global yang penuh ketidakpastian, dialog untuk menyelesaikan konflik menjadi sangat krusial, terutama di negara majemuk",1,0,0,23
@DintarSyahdu,2024-09-26-10:36:09,Ucapan terima kasih dr Masyarakat Papua Yanuaris Yame (Mahasiswa Universitas Musamus) kepada Presiden Jokowi yang telah membawa perubahan di Papua terkhusus dalam pembangunan selama 1 Dekade masa kepemimpinan #Jokowi #papua #indonesia #prabowo,0,0,1,48
@DintarSyahdu,2024-09-26-10:32:09,"Ucapan terima kasih dr Masyarakat Papua Agustinus Anggaibak, S.M (Ketua MRP Prov. Papua Tengah) kepada Presiden Jokowi yang telah membawa perubahan di Papua terkhusus dalam pembangunan selama 1 Dekade masa kepemimpinan #Jokowi #papua #indonesia #prabowo",0,0,1,38
@KAKASABRINA2,2024-09-26-10:16:59,TERIMA KASIH BAPAK JOKOWI,0,0,0,5
@OfficialPapua_,2024-09-26-10:04:36,Terima Kasih Bapak Jokowi-#papuabaratdaya #kotasorong #sorong #sorongselatan #maybrat #tambrauw #rajaampat,0,0,0,31
@VIVAcoid,2024-09-26-10:01:08,"Fahri Hamzah Minta Elit Akhiri Pertengkaran, Sambut Prabowo dan Ucapkan Terima Kasih ke Jokowi",16,0,3,1495
@UnitedTerkini,2024-09-26-09:53:30,Terima kasih Ibu Iriana yang sudah mendampingi dan menjaga Bapa Presiden Jokowi terutama dalam 10 tahun terakhir. Belum pernah dengar Bapak Presiden sakit selama 10 tahun ini. Luar biasa. Selamat menikmati masa pensiun dan momong cucu.,0,0,0,17
@MamangReborn,2024-09-26-09:29:40,"Terima kasih Pak Jokowi.
Biar yg bayar Buzzer Dongo macam  ?",0,0,1,19
@MatioAek,2024-09-26-09:14:55,Terima kasih bapak par marwadi info nya,0,0,0,6
@chardosihombing,2024-09-26-08:59:36,Sebagai Rakyat saya sangat setuju IKN. Khususnya gedung DPR di IKN semoga cepat terealisasi. Terima kasih Pak Jokowi.,0,0,1,189
@JaenoXTM,2024-09-26-08:50:19,"Terima kasih pak jokowi.
Segala sesuatu yang di awali dengan baik pasti akan berakhir dengan baik pula.Terima kasih sudah membuat negeri kita berjaya dan di segani oleh dunia luar.
Salam #NKRIHargaMatiLho kok bawa-bawa rakyat? Itu ide Jokowi & kroninya. https://news.detik.com/berita/d-7557547/jokowi-pindah-ibu-kota-bukan-keputusan-presiden-saja-tapi-seluruh-rakyat…",0,2,2,131
@hariqosatria,2024-09-26-08:25:20,"Pak Jokowi berani, Pak Jokowi terbukti. Terima kasih atas persatuan Pak  dan Pak  - sumber video: wawancara Bang  dengan Pak  SS dan foto dari medsos Pak ",1,0,1,138
@DintarSyahdu,2024-09-26-08:09:13,"Ucapan terima kasih dr Masyarakat Papua Ruben Namso (Mewakili Ondo Sarmi Selatan) kepada Presiden Jokowi yang telah membawa perubahan di Papua terkhusus dalam pembangunan selama 1 Dekade masa kepemimpinan, dan harapan terhadap presiden terpilih #Jokowi #papua #indonesia #prabowo",0,0,1,38
@DintarSyahdu,2024-09-26-07:57:49,Ucapan terima kasih dr Masyarakat Papua Yohanes Wanaha (Kepala Suku Wate Wilayah Kota Nabire/Staf Ahli MRP Papua Tengah) kepada Presiden Jokowi yang telah membawa perubahan di Papua terkhusus dalam pembangunan selama 1 Dekade masa kepemimpinan #Jokowi #papua #indonesia #presiden,0,0,1,33
@rikywolf444,2024-09-26-07:41:14,"Di bawah kepemimpinan Presiden Joko Widodo, Provinsi NTT mengalami transformasi besar-besaran. Terima kasih, Pak Jokowi, atas dedikasi dan kerja kerasnya untuk NTT!",0,0,1,16
@OneLove4Human,2024-09-26-06:44:41,Jokowi berhasil wujudkan impian Soekarno dan SBY yang tidak sempat realisasi. Saat ini IKN sudah menjadi UU sehingga pemerintah berikutnya akan melanjutkan sampai selesai.Terima kasih    ,1,0,0,28
@ariesaptaji,2024-09-26-06:43:00,"Terima kasih, Pak Jokowi!

Robohnya Kelas Menengah Kami: Kemiskinan Struktural Dilanggengkan",0,4,3,298
@AldionPr,2024-09-26-06:01:49,Terima kasih buatku kau presiden Indonesia terkeren. Pak BJ habibie,0,0,0,73
@pln_123,2024-09-25-22:43:59,          Kakak juga dapat melapor melalui aplikasi PLN Mobile di menu pengaduan.  Admin menunggu konfirmasi lebih lanjut ya. Terima kasih -Nur. 2/2,0,0,0,39
@enot_inot,2024-09-25-22:25:46,"Terima Kasih Orang Baik... Terima Kasih Banyak..  semoga Para pimpinan juga berhati seperti Pak Pol ..          Lemas Kelaparan, Bocah Jalanan Datangi Kantor Polisi Minta Makan",0,0,0,19
@bambang_shrt,2024-09-25-22:19:29,Terima kasih bpk president Jokowi karena telah menjalankan roda ekonomi RI dengan sepenuh hati jiwa dan raga,0,0,0,14
@muterjauh,2024-09-25-21:50:29,Terima kasih untuk semuanya,1,0,0,209
@YoYoAyo17845,2024-09-25-21:32:51,"Saya BERKALI-KALI KRITIK KERAS JOKOWI.

TAPI PENJILAT2 GUOBLOKKK MUNAFIK-nya  

Memang lebih GUOBLOKKK DARIPADA  

GAK TAU TERIMA KASIH. 
MALAH NYINYIR MEMBABI BUTA ATASAN Beda dengan PENDUKUNG SETIA 08 seperti Kita bersyukur, ulah pihak yang membenturkan Pak Prabowo dan Pak Jokowi telah gagal total.

Terima kasih kita haturkan sebesar-besarnya kepada seluruh masyarakat yang dalam diam selalu mendoakan, agar bangsa Indonesia selamanya hidup aman, rukun serta bersatu.

Ketiganya modal",0,0,0,25
@OverTake112,2024-09-25-21:01:25,Terima kasih banyak pak ,0,0,0,5
@heriardin,2024-09-25-20:59:43,"Terima kasih Pak Dino. Always easy to understand, masuk akal dan semoga pak  sudah lebih tahu...transisi aman seperti pak  ..semoga.",0,0,0,852
@cd_99,2024-09-25-20:57:06,"PT. Iriana Mining Services
Karena lokasinya di Irian Jaya (Papua), jadi namanya memakai kata IRIANA.Terima kasih.",0,0,2,57
@YoYoAyo17845,2024-09-25-20:26:57,"PENJILAT2 MUNAFIK GUOBLOKKK-NYA 08 atau Jkw Bukan dewa.
Cuman manusia yg TERBATAS & BANYAK SALAH.

Kalian malah bikin susah, malah PECAH BELAH.
GAK tau terima Kasih.

Berbesar hati-lah.

BERHENTI TUSUK2 ",0,0,0,29
@YoYoAyo17845,2024-09-25-20:23:43,"PENJILAT2 MUNAFIK GUOBLOKKK-NYA  

Jangan kepanasan kalau pendukung Jkw mengkritik kalian MUNAFIK GUOBLOKKK.

KARENA FAKTANYA, KALIAN tidak tau terima Kasih.

08 di  Karena dirangkul  demi RI.

Kalau tidak,  masih menangis Bareng ",2,1,0,97
@ErikaHamka,2024-09-25-19:59:37,"""Terima kasih kepada Presiden Jokowi atas program-program yang membantu petani. Kami bangga menjalankan program untuk ketahanan pangan Indonesia."" 

Nur Imawan  
Ketua Gapoktan Suka Tani, Kotawaringin Lama, Kotawaringin Barat.",0,0,0,11
@questionbreak_,2024-09-25-19:25:55,"Para pengamat apresiasi kepemimpinan Jokowi yang membawa Indonesia menuju masa depan lebih cerah. Terima kasih, Pak Jokowi!  #JokowiMembangunBangsa#TerimaKasihPakJokowi #KerjaNyataJokowi #JokowiMerakyat #JokowiBerdedikasi #KaryaNyata#IndonesiaMaju",0,0,0,7
@backproperties,2024-09-25-19:24:23,Keberhasilan Jokowi membangun negeri mendapat apresiasi dari para pengamat. Terima kasih atas dedikasi dan kerja kerasnya!  #JokowiUntukIndonesia#TerimaKasihPakJokowi #KerjaNyataJokowi #JokowiMerakyat #JokowiBerdedikasi #KaryaNyata#IndonesiaMaju,0,0,1,13
@questionbreak_,2024-09-25-19:19:30,"Prestasi Jokowi selama 10 tahun tidak hanya mengangkat Indonesia, tetapi juga diapresiasi oleh dunia internasional. Terima kasih, Pak Jokowi!  #IndonesiaBerkarya#TerimaKasihPakJokowi #KerjaNyataJokowi #JokowiMerakyat #JokowiBerdedikasi #KaryaNyata#IndonesiaMaju",0,0,0,4
@AmeliaFahreza,2024-09-25-19:04:38,"Terima kasih Pak  atas segala curhatnya.

Semoga di hari-hari terakhir bapak, curhat bapak semakin banyak. Tanda-tanda akhir yang penuh curhat. Semangat Pak Kalau tidak salah ya di tempat tidur, Pak ",0,0,0,30
@HarcumTj,2024-09-25-19:04:02,"10 tahun memimpin, Jokowi berhasil membawa Indonesia ke kancah internasional. Terima kasih! #TerimaKasihPakJokowi #KerjaNyataJokowi #JokowiMerakyat #JokowiBerdedikasi #KaryaNyata #IndonesiaMaju",0,0,0,6
@questionbreak_,2024-09-25-19:03:08,10 tahun kepemimpinan Jokowi mendapat apresiasi dari akademisi dan tokoh agama. Terima kasih untuk kontribusi besarnya!  #JokowiUntukIndonesia#TerimaKasihPakJokowi #KerjaNyataJokowi #JokowiBerdedikasi #KaryaNyata,0,0,0,5
@HajiHariri_,2024-09-25-19:00:01,MasyaAllah  tutur kalimatnya  sejuk skali  imajinasinya  runtut dan memberikan insight yg luar biasa  terima kasih sekali lagi sdh berbagi  sehat selalu ya  Pak Dino Patti Djalal   semoga masih diberikan umur panjang Aamin Ya Allah ,1,0,3,1234
@SotoAyam1970,2024-09-25-18:51:42,terima kasih pak  atas pembabatan hutan di papua untuk proyek tebu. terima kasih hutan papua menjadi berkurang. alam menemukan caranya sendiri untuk membalas,0,0,0,117
@HarcumTj,2024-09-25-18:35:31,"Visi strategis Jokowi dalam pertanian berkelanjutan diakui dunia. Terima kasih, Pak Jokowi! #HariTaniNasional #HTN2024 #TerimaKasihPakJokowi #KerjaNyataJokowi #JokowiMerakyat #JokowiBerdedikasi #KaryaNyata",0,0,0,9
@HarcumTj,2024-09-25-18:33:50,Tokoh agama menyampaikan terima kasih atas kepemimpinan Jokowi yang membawa kemajuan. #TerimaKasihPakJokowi #KerjaNyataJokowi #JokowiMerakyat #JokowiBerdedikasi #KaryaNyata,0,0,0,6
@HarcumTj,2024-09-25-18:31:46,"Kinerja Jokowi diakui para akademisi dan tokoh agama, terima kasih atas dedikasinya! #TerimaKasihPakJokowi #KerjaNyataJokowi #JokowiMerakyat #JokowiBerdedikasi #KaryaNyata",0,0,0,8
@CAngetan40992,2024-09-25-17:43:39,Terima kasih pak presiden Joko Widodo,0,0,0,269
@polrestabesmdn_,2024-09-25-17:13:45,"Terima kasih atas dukungan dan kerjasamanya, sobat Polri. Kami informasikan bahwa geng motor yang meresahkan di Medan telah ditindak tegas dan diproses sesuai hukum yang berlaku. Jika ada informasi atau laporan,  hubungi Call Center 110 atau melalui Dumas di 082174568231",2,0,1,26
@YoHendi41523yes,2024-09-25-16:58:35,"Mohon kenali saya terima kasih ,saya andi di msy entertainmen cimpaeun depok wslm wwb .",0,0,0,10
@PatriaReppi,2024-09-25-16:44:55,Terima Kasih Pak Jokowi atas upaya membawa Papua lebih maju melalui PYCH #PapuaIndonesia #PYCH #PapuaYouthCreativeHub #PemudaPapua #IndonesiaEmas2045 ,1,0,1,5
@beulangong174,2024-09-25-16:36:41,"Betul... 

Ayoo Terima kasih pada Mulyono.. #FufufafaAdalahGibran",0,0,0,6
@AmandaSayasane4,2024-09-25-16:04:30,TERIMA KASIH UNTUK PRESIDEN JOKOWI ATAS 1 0 TAHUN PENGABDIAN #fyp,0,0,1,10
@AmandaSayasane4,2024-09-25-16:04:04,TERIMA KASIH ATAS 10 TAHUN PENGABDIAN PAK JOKOWI UNTUK INDONESIA #fyp,0,0,1,11
@Boc0raluss,2024-09-25-15:59:01,Kinerja Presiden Jokowi mendapat apresiasi dari kalangan akademisi dan tokoh agama. Apresiasi tersebut juga disertai ucapan terima kasih karena selama 10 tahun memberikan kontribusi bagi kemajuan bangsa Indonesia.#TerimaKasihPakJokowi #KerjaNyataJokowi #BuktiNyataHilirisasi,0,0,1,248
@phoenixx1_,2024-09-25-15:58:10,Apresiasi dan Ucapan Terima Kasih Para Pengamat terhadap Keberhasilan Presiden Jokowi Membangun Negeri#TerimaKasihPakJokowi #KerjaNyataJokowi #JokowiMerakyat #JokowiBerdedikasi #KaryaNyata #IndonesiaMaju,0,0,0,14
@Fullaku_J79622,2024-09-25-15:47:04,Terima kasih Pak Jokowi dan rekan semuanya ,0,0,0,159
@cd_99,2024-09-25-15:38:50,"Pertanyaan yg baik..., saya bantu jawab itu perusahaannya sdh lama berdiri & tidak ada kolerasinya dengan Ibu Iriana. Perlu saya sampaikan, saya dulu bekerja disitu & sekarang saya sudah purna tugas.Terima kasih & semoga bisa menjawab pertanyaan Anda.",2,1,19,3375
@NoorOdeth666,2024-09-25-15:36:22,"Terima kasih Pak Jokowi atas dedikasi dan komitmen selama 10 tahun memimpin Indonesia, yang telah membawa berbagai kemajuan di bidang infrastruktur, ekonomi, dan kesejahteraan masyarakat.

 #TerimaKasihPakJokowi",0,0,0,14
@MarioRahmanM,2024-09-25-15:20:13,10 tahun perjalanan  membawa Indonesia ke arah yang lebih baik. Terima kasih atas dedikasi dan kerja keras yang menginspirasi. Mari lanjutkan semangat gotong royong untuk masa depan yang lebih cerah!  #10TahunJokowi #TerimaKasihJokowi,0,0,0,8
@sapu75733,2024-09-25-15:05:55,Terima kasih Presiden Jokowi karena telah mengharumkan nama Indonesia ke lingkup internasional.#TerimaKasihPakJokowi #KerjaNyataJokowi #JokowiMerakyat #JokowiBerdedikasi #KaryaNyata #IndonesiaMaju,0,0,0,9
@GraciaZaza,2024-09-25-14:48:27,Terima kasih Presiden Jokowi karena telah mengharumkan nama Indonesia ke lingkup internasional. #TerimaKasihPakJokowi #KerjaNyataJokowi #JokowiMerakyat #JokowiBerdedikasi #KaryaNyata #IndonesiaMaju,0,0,0,4
@Sundakiwari1,2024-09-25-14:40:45,Terima kasih para petani atas jasanya menyediakan bahan pangan untuk Kami. Rahayu Nuswantara Emas,0,0,1,43
@MaryDunn249678,2024-09-25-14:39:34,Terima kasih Presiden Jokowi karena telah mengharumkan nama Indonesia ke lingkup internasional.,0,0,0,6
@BismaIqbaa94196,2024-09-25-14:30:29,Terima Kasih Pak Jokowi#jokowi #indonesia,0,0,0,14
@Dasarudin1,2024-09-25-14:23:48,Terima kasih pk Jokowi sekarang judi on line kian mewabah,0,0,0,4
@gerakmadjoe,2024-09-25-14:18:27,"Apresiasi dan ucapan terima kasih atas kepemimpinan Presiden Jokowi diberikan oleh berbagai lapisan masyarakat, termasuk para pengamat. Hal ini menunjukkan kerja nyata Presiden Jokowi untuk Indonesia.#karyanyata #terimakasihpakjokowi #indonesiamaju #jokowi",0,0,0,16
@Mel612Bangka,2024-09-25-14:14:06,Apresiasi dan Ucapan Terima Kasih Para Pengamat terhadap Keberhasilan Presiden Jokowi Membangun Negeri #TerimaKasihPakJokowi #KerjaNyataJokowi #JokowiMerakyat #JokowiBerdedikasi #KaryaNyata #IndonesiaMaju,0,0,0,1
@yusufmanakarra,2024-09-25-14:08:06,Tokoh agama menyampaikan terima kasih kepada Presiden Jokowi atas dukungannya dalam membangun kerukunan antarumat.#TerimaKasihPakJokowi #KerjaNyataJokowi #JokowiMerakyat #JokowiBerdedikasi #KaryaNyata,0,0,1,2
@BeBuzzerNKRI,2024-09-25-14:07:39,"Nah kan...
Khusus minoritas WAJIB ADA IJIN.
Tp kalau buat mayoritas gak ada ijin pun tdk apa2.Terima kasih buat 
Presiden   
Pak Kapolri  dan  .

Kalian emg hebat yg sdh membuat perbedaan yg luar biasa antara mayoritas & minoritas.Dan terjadi lagi

Ratusan umat Cetya Permata dihati mendatangi kelurahan Cengkareng, mereka memohon kepada Camat dan lurah agar viharanya tidak ditutup ( 24/9/2024)",0,0,1,90
@Der_ht5,2024-09-25-14:00:00,"Terima kasih atas kebersamaan kita, meski tak lama namun Faktanya Aku sangat menikmatinya.Jokowi SBY",0,0,0,1
@AlbertSimbolo,2024-09-25-14:00:00,"Terima kasih, Jokowi dan SBY, telah memberikan teladan luar biasa bagi bangsa ini. Semoga semangat ini terus hidup! Jokowi SBY",0,0,0,1
@AbidikaG25710,2024-09-25-13:57:32,Kalau adanya dukungan Jokowi SBY udah dipastikan bakal kokoh sih pemerintahannya Prabowo-Gibran. Terima kasih atas dukungannya,0,0,0,105
@HanyaaKataa_,2024-09-25-13:54:05,"Terimakasih pak jokowi #TerimaKasihJokowi #terimakasihpresidenjokowiJangan Menutup mata, jokowi memang tidak bisa bekerja sendiri tanpa mentri mentri nya, tapi pak prabowo mengatakan TANPA LEADERSHIP Pak jokowi semua tidak akan terlaksana,
TERIMAKASIH PAK JOKOWI",0,0,2,267
@JonKapeta,2024-09-25-13:52:41,Terima kasih Presiden Jokowi karena telah mengharumkan nama Indonesia ke lingkup internasional#IndonesiaMaju #DAY6INBKK2024 #CathyDollxLingOrm #뭉게뭉게_피어오른_이로의_생일 #HAPPY_IRO_DAY,5,1,0,432
@Brotosembilang,2024-09-25-13:33:38,Terima kasih Presiden Jokowi karena telah mengharumkan nama Indonesia ke lingkup internasional.#TerimaKasihPakJokowi #KerjaNyataJokowi #JokowiMerakyat #JokowiBerdedikasi #KaryaNyata#IndonesiaMaju,0,0,0,4
@jlsambuaga,2024-09-25-13:33:35,Terima kasih pak jokowi.,0,0,0,12
@amir_eltaher,2024-09-25-13:29:49,Terima kasih Presiden Jokowi karena telah mengharumkan nama Indonesia ke lingkup internasional#TerimaKasihPakJokowi #KerjaNyataJokowi #JokowiMerakyat #JokowiBerdedikasi #KaryaNyata #IndonesiaMaju,0,0,0,3
@allegory1318,2024-09-25-13:09:38,"Ucapan Terima Kasih Untuk Presiden Jokowi Oleh Wahidi,  Ketua LMND Kota Palembang#PapuaIndonesia #PYCH #PapuaYouthCreativeHub #PemudaPapua #IndonesiaEmas2045",0,0,0,15
@stillwithgemoy,2024-09-25-13:05:11,Apresiasi dan Ucapan Terima Kasih Para Pengamat terhadap Keberhasilan Presiden Jokowi Membangun Negeri#JokowiBerdedikasi,0,0,0,6
@stillwithgemoy,2024-09-25-13:03:49,Terima kasih Presiden Jokowi karena telah mengharumkan nama Indonesia ke lingkup internasional #IndonesiaMaju,0,0,0,5
@Monikanihil,2024-09-25-13:01:59,Kyai haji Asep Saifullah menyampaikan terima kasih atas dedikasi 10 tahun Jokowi dan mendukung pemerintahan selanjutnya,0,0,0,5
@sekariniarum6,2024-09-25-12:57:10,Ucapan Terima Kasih kepada Presiden Jokowi dari anak muda wakatobi,0,0,0,8
@sekariniarum6,2024-09-25-12:56:47,Ucapan Terima Kasih kepada Presiden Jokowi dari Tokoh masyarakat Konawe,0,0,0,5
@sekariniarum6,2024-09-25-12:55:35,Ucapan Terima Kasih kepada Presiden Jokowi dari Pagar Nusa Kolaka,0,0,0,6
@Projo_Pusat,2024-09-25-12:53:11,"Terima kasih pak Presiden Joko Widodo #projo #jokowi #indonesiaemas#BuktiNyataHilirisasi 
From Good To Great #JudolTamat#UnivPancasilaBerkarakter",0,12,16,1228
@hamba_sahaaya,2024-09-25-12:49:58,Terima kasih atas nafas yg sudah diberikan dari pak jokowi aka mulyono,0,0,0,25
@JayaSantos72740,2024-09-25-12:49:14,Terima kasih pak Jokowi ,0,0,0,14
@NabilaKeisha7,2024-09-25-12:47:36,TERIMA KASIH PRESIDEN JOKOWI,0,0,0,15
@sekariniarum6,2024-09-25-12:38:26,Ucapan Terima Kasih kepada Presiden Jokowi dari Tokoh Pemuda Wakatobi,0,0,0,9
@CabiReina,2024-09-25-12:23:08,"Presiden Joko Widodo tidak hanya diapresiasi oleh bangsa Indonesia, namun kinerja dan prestasinya turut diakui oleh para diaspora dan tokoh dari negara-negara tetangga. Terima kasih Presiden Jokowi karena telah mengharumkan nama Indonesia ke lingkup internasional.",0,0,0,10
@DintarSyahdu,2024-09-25-11:30:15,"Ucapan terima kasih dr Masyarakat Papua Wisman Tabuni (Kepala Kampung Yarmukum, Distrik Gurage, Kab Puncak Jaya) kepada Presiden Jokowi yang telah membawa perubahan di Papua terkhusus dalam pembangunan infrastruktur selama 1 Dekade masa kepemimpinan #Jokowi #papua #indonesia",0,0,1,40
@medan_fakta,2024-09-25-11:07:52,Terima kasih Pak Jokowi..,0,0,0,10
@Nicol49299957,2024-09-25-10:59:47,Terima Kasih PDIP yg punya Program ,0,0,0,34
@sekariniarum6,2024-09-25-10:35:48,Terima Kasih Bapak Presiden Jokowi telah membangun Infrastruktur di Prov. Sultra,0,0,0,9
@Rfadlis1,2024-09-25-09:36:55,"Akhirnya, Jokowi berjasa menyatukan 2 pemimpin bangsa berkualitas. Keduanya putra & cucu pejuang dan proklamator. Terima kasih Fufufafa",0,0,0,20
@BahartaDaniel,2024-09-25-08:26:51,Terimakasih Presiden Jokowi #TerimaKasihJokowi,0,0,0,78
@hariqosatria,2024-09-25-08:23:58,"Kita bersyukur, ulah pihak yang membenturkan Pak Prabowo dan Pak Jokowi telah gagal total.Terima kasih kita haturkan sebesar-besarnya kepada seluruh masyarakat yang dalam diam selalu mendoakan, agar bangsa Indonesia selamanya hidup aman, rukun serta bersatu.

Ketiganya modal",0,2,2,250
@ariefnugrohoy,2024-09-25-08:13:48,"Anak seorang presiden kok baper yo ndaklah,super bangga n wajib sombonglah,.,. Kita lihat kinerja bukan cacian n makian yg berujung hati busuk
Menyala keluarga Pak Presiden JokowiSaya hanya bisa mengucapkan terima kasih untuk semua.#anakpresiden",0,0,1,38
@hariqosatria,2024-09-25-07:54:46,"Para ulama apresiasi pencapaian Presiden , Indonesia aman, pembangunan terus berjalan. Terima kasih Pak Jokowi, selamat mengabdi Pak  #indonesiamaju",0,2,8,217
@DiarAnwar4056,2024-09-25-06:14:33,Terima kasih Pak Jokowi .,0,0,0,27
@hariqosatria,2024-09-25-06:07:37,"Soft Landing. Terima kasih Pak Jokowi, selamat mengabdi Pak PrabowoJokowi menumpang Pesawat Kepresidenan RJ-85 saat mendarat di Bandara Nusantara, IKN.#pesawatkepresidenan #ikn #jokowihttps://m.antaranews.com/berita/4354967/presiden-sebut-pendaratan-perdananya-di-bandara-nusantara-ikn-mulus?utm_source=antaranews&utm_medium=mobile&utm_campaign=latest_category…",0,1,6,133
@rikywolf444,2024-09-25-05:53:21,"Ucapan terima kasih dari Vibi Radamuri (Public Speaking & Self Development Coach) atas kasih, dedikasi dan kepemimpinan presiden Jokowi dalam membangun Infrastruktur, pendidikan dan kesejahteraan di NTT.",0,0,1,11
@ucritismadness,2024-09-25-04:29:16,"Terima kasih Pak Jokowi yang sudah berhasil mebuat mental kami menjadi kuat dengan melalui kehidupan yang keras, sembako mahal, carut marut hukum, PHK dimana2, judi online merajalela dan masih ada ratusan lagi yg bisa masuk list",0,0,0,23
@NkriWalikota,2024-09-24-23:45:50,"Indonesia Aman, Tentram, Rukun, dan Damai. Terimakasih Pak Jokowi dan Selamat Datang Pak Prabowo. Indonesia Bangsa Besar#terimakasihjokowi #jokowi #jokowipresidenku #prabowo #indonesiaemas2045",0,0,0,21
@VinoFabi0,2024-09-24-20:47:46,Terimakasih Pak Jokowi telah memimpin Negeri dan Bangsa Indonesia Selama 10 Tahun. #TerimaKasihJokowi,0,0,1,14
@youren_dow,2024-09-24-20:18:18,Ucapan Terima Kasih Tokoh Keagamaan Muhammadiyah Teluk Bintuni Terhadap 10 Tahun Kepemimpinan Presiden Jokowi,0,0,0,39
@MarioRahmanM,2024-09-24-19:45:32,"Terima kasih, Pak Jokowi, atas 10 tahun dedikasi dan kerja keras tanpa henti untuk memajukan Indonesia. Perjuanganmu membangun negeri ini akan selalu dikenang dan menginspirasi kami semua. Semoga langkah-langkahmu menjadi fondasi kuat bagi masa depan yang lebih baik",0,0,0,15
@BANGSAygSUJUD,2024-09-24-19:42:26,"Terima kasih kpd kalian, pakde  dan ibu Iriana",0,0,1,33
@suga4447,2024-09-24-18:58:12,"Terima kasih Jokowi, Indonesia sdh menjadi negara swasembada utang",0,0,0,7
@GunadiCavalera,2024-09-24-18:48:51,Terima kasih juga netizen telah menyumbangkan gopay ke akun slamet  moga aja bisa buat nyewa private jet jd gak usah nebeng malu2in aja masa anak mulyono nebeng#FufufafaBocilPsikopat #FufufafaAdalahGibran,0,0,0,19
@Keluarga_ngibul,2024-09-24-18:15:27,"Terima kasih jokowi  Dokter2 dan nakes ngeluh sistem kesehatan skrg parah banget. Guru2 bilang ada muridnya udah SMP tp gak bs baca. Jemaah haji cuma disuruh 'sabar' ketika dapet pelayanan yg gak layak. Dan para atlet PON cuma dikasih nasi+tempe buat makan siang.

What the hell is going on ",0,0,0,35
@hd_amri,2024-09-24-18:12:45,Salam untuk Presiden yang tinggal di sana ya. Terima kasih.,0,0,0,11
@akuratco,2024-09-24-18:06:06,"Terima kasih Pak JokowiMomen sedih Presiden @jokowi berpamitan kepada masyarakat menjelang purna tugasnya.
Pak @erickthohir dan Bang @bahlillahadalia tampak ikut terharu.
pun ikut terharu. tpun ikut terharu.",0,0,0,34
@BHo50,2024-09-24-17:33:06,Wkwkwk....Bu Susi sdh ngucapin terima kasih ke pres Jokowi. Ngapain Bu trm ksh ke Jokowi wong dia aja gak ngapa2in kok. Ternyata yg lain jg cuma ngaku2 yah hadeuh...kebiasaan.,0,0,0,18
@Projo_Pusat,2024-09-24-16:47:28,Terima Kasih Pak  .. #projo #jokowi #indonesiaemasApresiasi Kaesang#Ready_STEADY_Go_NCTWISH#CintaLaura,1,13,11,697
@yusufmanakarra,2024-09-24-16:03:11,"Terima kasih Pak Jokowi, Pemerataan pembangunan bukti keberhasilan Presiden Jokowi selama menjabat #TerimaKasihPakJokowi #KerjaNyataJokowi #JokowiMerakyat #JokowiBerdedikasi #KaryaNyata #IndonesiaMaju #IndonesiaSentris",0,0,1,6
@Beben_Nibe,2024-09-24-15:37:03,"Baru era sekarang petani sejahtera. Karena berasnya impor,
Kagak kerja kagak cape, krn sudah disiapkan Beras Bansos.Terima kasih pak Jokowi,  untung hanya 2 periode",0,0,0,16
@purnawati_vanya,2024-09-24-15:35:41,Terima Kasih Pak Jokowi atas Pengabdiannya 10 Tahun,0,0,0,6
@Axel29999Axel,2024-09-24-15:09:28,yang menghujat pasti orang-orang pulau jawa.. kami orang kalimantan sangat bangga dengan IKN. terima kasih pak jokowi.,0,0,0,57
@jakpoes,2024-09-24-15:08:49,"terima kasih pak  yg sudah membuat sejahtera Rakyat Tiongkok.
di Indonesia banyak pabrik bangkrut, PHK, yo nda tau koq tanya saya.",0,0,0,98
@AminSumantoslow,2024-09-24-14:49:13,"Terima kasih pak Jokowi, rakyat makmur, ditunggu bansos berikutnya",0,0,1,138
@rokok_indonesia,2024-09-24-14:31:37,"Dear Pak  
Hitung-hitungan Roki, penerimaan negara masuk kira2 Rp 213,8 Triliun dari cukai rokok Indonesia. Itu baru penerimaan 2023, belum dihitung tahun-tahun sebelumnya dan tahun ini. Jika masih kurang, masih ada PPN dan pajak lainnya dari rokok pak. Sekian terima kasih",1,8,88,8895
@DasarKita,2024-09-24-14:25:05,"Terima kasih Pak Presiden  yang kami hormati ... terus kerja, kerja, kerja  ketika akhir periode II tinggal kurang dari satu purnama ...takzim, sehat selalu bersama Ibu Negara Iriana, anak, mantu, cucu ...Presiden Jokowi resmikan injeksi bauksit perdana Smelter Grade Alumina Refinery di Kalbar: ANTARA FOTO/Jessica Wuysang/foc.

Lihat selengkapnya:",0,0,0,11
@Monikanihil,2024-09-24-14:18:30,"mahasiswa, ingin mengucapkan terima kasih kepada Pak Jokowi atas dedikasi dan pengabdiannya selama 10 tahun ini. Kami siap mendukung Presiden terpilih agar visi dan misi pembangunan dapat terus berjalan demi kesejahteraan bangsa.",0,0,0,9
@Monikanihil,2024-09-24-14:00:38,"Capaian pembangunan nyata, ekonomi makin kuat. Terima kasih, Pak Jokowi!#TerimaKasihPakJokowi #KerjaNyataJokowi #JokowiMerakyat #JokowiBerdedikasi #KaryaNyata #IndonesiaMaju #IndonesiaSentris",0,0,0,5
@PesonaNegeriku2,2024-09-24-13:45:23,Ucapan Terima Kasih Sekretaris KNPI Kab. Teluk Wondama Kepada Presiden Jokowi,0,0,0,25
@Monikanihil,2024-09-24-13:42:17,"Alutsista makin canggih, pertahanan Indonesia makin kuat! Terima kasih, Pak Jokowi!#TerimaKasihPakJokowi #KerjaNyataJokowi #JokowiMerakyat #JokowiBerdedikasi #KaryaNyata",0,0,0,7
@ChovaMelians26,2024-09-24-13:37:08,"Ibu Iriana Joko Widodo (Jokowi) Mengucapkan Pamit Sebagai Ibu Negara.Dia Meminta Maaf Jika Ada Kesalahan Selama 10 Tahun Mendampingi Presiden Jokowi.

""Saya Mengucapkan Terima KasihMaaf Lahir-Batin Untuk Semuanya.Sukses Jakarta Untuk Indonesia,""",1,1,3,270
@Monikanihil,2024-09-24-13:26:33,"Akses ke wilayah 3T sekarang makin mudah! Terima kasih Pak Jokowi, pembangunan yang nyata terasa!#TerimaKasihPakJokowi #KerjaNyataJokowi #JokowiMerakyat #JokowiBerdedikasi #KaryaNyata",0,0,0,4
@Boc0raluss,2024-09-24-13:17:28,Ucapan terima kasih untuk Presiden Jokowi atas komitmen dan capaian pembangunan yang telah berdampak secara masif terhadap kemajuan perekonomian RI. Selanjutnya mari mendukung masa transisi guna mendorong kelanjutan pembangunan di masa mendatang. #TerimaKasihPakJokowi,0,0,0,7
@ErikaHamka,2024-09-24-13:14:49,Ketua BMP RI : Terima Kasih Pak Jokowi...#TerimaKasihPakJokowi#KerjaNyataJokowi#JokowiMerakyat#JokowiBerdedikasi#KaryaNyata#IndonesiaMaju#IndonesiaSentris,0,0,1,9
@jawasentris,2024-09-24-13:14:25,"Jika kamu mudah meneteskan airmata karena orang lain, pasti jiwamu penuh dengan kebahagian. Terima kasih pak  ",0,0,0,14
@EkasariLiliput,2024-09-24-12:58:56,"Terima kasih untuk 10 tahun yang penuh dedikasi mendampingi bapak Jokowi, sehat selalu ibu ",0,0,0,886
@ErikaHamka,2024-09-24-12:58:33,Terima Kasih Bapak Presiden Jokowi #TerimaKasihPakJokowi#KerjaNyataJokowi#JokowiMerakyat#JokowiBerdedikasi#KaryaNyata,0,0,1,7
@Danikashang,2024-09-24-12:04:34,"Jokowi from Kodiang, KedahTerima kasih pak jokowi kamu telah menjadi president Indonesia Dan membanggakan nama Malaysia ",0,0,0,20
@agustianalief03,2024-09-24-12:03:06,"Terima kasih, Jokowi! Selama 10 tahun pemerintahan, transformasi infrastruktur, terutama jalan tol, telah meningkatkan konektivitas dan mendorong pertumbuhan ekonomi.#TerimaKasihJokowi#InfrastrukturBerkelanjutan#PembangunanMerata#MasaDepanBersama#KonektivitasEkonomi",0,0,0,4
@dejananakindo,2024-09-24-12:02:39,"Terima kasih udah jilat saya, kata jokowi untuk mu",0,0,0,10
@zahraproduction,2024-09-24-11:54:06,Terima kasih pak jokowi...untuk hutang negara sampai ribuan triliun ,0,0,0,7
@ClaraPu19417438,2024-09-24-11:47:24,Terima Kasih Presiden Jokowi10 Tahun Pengabdian membawa kemajuan,0,0,0,14
@ClaraPu19417438,2024-09-24-11:47:13,Terima Kasih Presiden JokowiKemajuan Indonesia saat ini bukti kerja nyata,0,0,0,14
@NKRI_17081945,2024-09-24-11:13:34,Presiden  meresmikan Smelter PT. Freeport Indonesia di Gresik. Sebuah perjuangan panjang bangsa Indonesia untuk mendapatkan hak atas kekayaan alamnya sendiri . Terima kasih Pak ,0,0,9,302
@HaloloSeve46051,2024-09-24-10:59:59,"Terima kasih Pak  
Sehat selalu ya PakHilirisasi industri adalah kunci transformasi ekonomi Indonesia dari yang bergantung pada konsumsi domestik menjadi ekonomi berbasis produksi. Hari ini, saya meresmikan smelter tembaga dan pemurnian logam mulia PT Amman Mineral Internasional Tbk sebagai langkah untuk meningkatkan",0,0,0,24
@napuamanda,2024-09-24-10:57:11,R.D. Fransiskus K. Manu (Sekertaris FKUB NTT/Perwakilan Agama Katolik) mengucapkan terimakasih kepada Paka Jokowi yang selama memimpin sudah memperhatikan masyarakat NTT#TerimaKasihJokowi,0,0,1,31
@JohnySumual,2024-09-24-10:36:16,terima kasih pak Jokowi,0,0,0,7
@tribunpontianak,2024-09-24-10:23:14,"Jokowi ke Pasar Mawar Pontianak, Yel-yel Terima Kasih Bapak Jokowi Menggema  #VideoViral #GibranKaesangTidakJujur Sekretaris Ilham Habibie Anak SMA Papua Jawa Barat Kalimantan Barat Smelter Mempawah Gibran Kaesang Bobby",2,1,1,1226
@AdielGhani_,2024-09-24-09:56:27,"Dari desa hingga kota, program-program pemerintahan Jokowi telah mengurangi kesenjangan dan mempercepat pembangunan. Terima kasih atas visi dan kepemimpinan Anda! Mari kita teruskan kemajuan ini bersama. #TerimaKasihPakJokowi #IndonesiaMaju",0,0,0,2
@Bocor_k4nan,2024-09-24-09:21:53,"indonesia kaya akan SDA tp sayang masih byk Rakyat yg MISKIN pendidikan RENDAH, Biaya HIDUP MAHAL.. TERIMA KASIH PAK Sdh memberitahu kalo INDONESIA KAYA RAYA.",0,0,0,58
@SeriDianawati,2024-09-24-08:56:13,"10tahun Jokowi memimpin utang menumpuk,alam dirusak,laut pasir mau di jual ,PHK,pengangguran meningkat ,terima kasih pak Mul10 tahun pemerintahan Jokowi telah membawa perubahan signifikan yang menggerakkan Indonesia menuju masa depan yang lebih maju.
Banyak aspek pembangunan yang merata sudah dirasakan manfaatnya oleh masyarakat Indonesia. ",0,0,4,163
@rikywolf444,2024-09-24-08:42:38,"Di era pemerintahan Presiden Jokowi, Provinsi NTT telah mengalami kemajuan signifikan dalam berbagai bidang. Pembangunan infrastruktur, penurunan tingkat kemiskinan, pengembangan pariwisata, dan peningkatan kesejahteraan masyarakat. Terima kasih Pak Jokowi!",0,0,1,13
@riharis162,2024-09-24-08:09:30,Alhamdulillah Terima kasih bpk Presiden Semoga bpk  senantiasa di jauhkan dari segala bentuk kejelekan.,0,0,0,27
@lathiuz,2024-09-24-07:23:42,"Terima kasih Jokowi, Terima kasih Nadiem.",0,0,0,37
@riharis162,2024-09-24-07:07:03,Alhamdulillah Terima kasih ,0,0,0,11
@RudiBudiman80,2024-09-24-06:29:27,Terima kasih Pak Jokowi selama 10 tahun ini buzer penguasa tumbuh subur di nusantara,0,0,0,11
@AriskaPutraS,2024-09-24-06:13:46,"Terima kasih  , kamu sudah membuat para penjilat dan penyembahmu banyak yg pitar pura2 bahagia.",0,0,1,7
@Alentalib,2024-09-24-06:09:09,Pak JOKOWI PRESIDEN terbaik Dan tersukses sepanjang sejarah Indonesia merdeka. Terima kasih Pak JOKOWI.,0,0,0,15
@presideninsyaf,2024-09-24-05:56:59,"Terima kasih Pak Jokowi sudah meninggalkan Hutang 8300 T dan Rupiah yg menguat. Sembako murah, listrik murah, pajak yg rendah, Esemka mobil idaman.",1,0,1,37
@ngekaoo98_owei,2024-09-24-05:51:44,akhirnya  terima kasih pak Jokowi ,0,0,0,15
@chalistarano,2024-09-24-02:50:03,"Kepada Yth. Bapak Presiden  

Saya Ketua Geomaritim  pimpinan Ketua Umum  . Saya mengucapkan terima kasih atas perhatian dan nasionalisme bapak Presiden  atas respon terhadap dinamika ekspor pasir Laut.

Alasan  ekspor pasir laut,",0,0,0,39
@agus_abdul62134,2024-09-24-01:25:24,"Terima kasih PK Prabowo yg SDH banyak belajar dari PK Jokowi. 
Coba JK kemaren blajarnya KPD pendukungnya yg di 2014 & 2019 lumpuh bebeknyaTerimakasih Jokowi sdh memenangkan Prabowo,mudah2an Presiden Prabowo tdk seperti Mulyono.",1,0,0,5
@agus_abdul62134,2024-09-24-01:01:47,"Terima kasih PK Jokowi, engkau adalah anugerah buat kami rakyat Indonesia. Merdeka!!!DIANTARA YANG SERBA PALSU
YANG MENJADI MOMOK PALING MENAKUTKAN
ADALAH PRESIDEN PALSU#GibranKaesangTidakJujur#GibranKaesangTidakJujur",0,0,0,1
@indonesia_r11,2024-09-23-22:28:45,"Terima kasih banyak Presiden Jokowi, atas komitmen dan capaian pembangunan yang telah berdampak secara masif terhadap kemajuan perekonomian RI.#TerimaKasihPakJokowi #IndonesiaSentris #PrestasiJokowi #JokowiBerdedikasi #IndonesiaMaju #PrabowoGibran #IndonesiaEmas2045",0,0,0,17
@indonesia_r11,2024-09-23-22:24:58,"Terima kasih banyak Presiden Jokowi, atas komitmen dan capaian pembangunan yang telah berdampak secara masif terhadap kemajuan perekonomian RI. #TerimaKasihPakJokowi #IndonesiaSentris #PrestasiJokowi #JokowiBerdedikasi #IndonesiaMaju  #PrabowoGibran #IndonesiaEmas2045",0,0,0,12
@ade_lesmana78,2024-09-23-21:51:50,"Terima kasih pa jokowi, sudah menurunkan kehebatan pemikiran kepada rakyat... 
Dengan motivasi kerja. Kerja dan kerja.. Agar rakyat bergerak secara fisik membantu bapak menyelesaikan hutang negara dibayar pajak rakyat....",0,1,0,122
@HanyaaKataa_,2024-09-23-21:07:42,"TERIMAKASIH PAK JOKOWIPercaya penuh kepemimpinan pak prabowo 5th kedepan.

kita jgn menutup mata atas apa yang sudah di lakukan pak jokowi untuk bangsa dan negara ini dengan baik.#TerimaKasihJokowi #TerimaKasihPresidenJokowiTERIMAKASIH PAK JOKOWI#TerimaKasihPakJokowi #TerimaKasihPakJokoWidodo",0,0,0,23
@SotoAyam1970,2024-09-23-20:52:48,"terima kasih pak  sdh merusak hutan di merauke, terima kasih sdh merusak ekosistem. terima kasih pak  , alam punya caranya sendiri menghukum manusia yg serakah",1,0,5,281
@StefanAntonio__,2024-09-23-19:31:37,"Yang bener itu KKB terkending kencing
waktu Jokowi mendarat di Papua
dan Ancam akan masuk utan sendiri
buat bebasin Pilot Susi Air

Hidup Jokowi .. Terima Kasih Jokowi",77,12,238,81189
@OnlyA56810,2024-09-23-19:07:56,"Iya. Terima kasih sudah semakin mempersulit rakyatmu sendiri.
Ingat...
Kalo kamu buat kebijakan tidak pro rakyat, dan cendrung menguntungkan golongan anda, kami akan tuntut kalian di akherat..",0,0,0,16
@theharamagic,2024-09-23-18:56:05,Terima kasih buat para pelatih yang udah ngasih support terbaik buat atlet kita. Kalian keren!,0,0,0,4
@Bungdony,2024-09-23-18:45:14,Terima kasih Pak Jokowi untuk 10 tahun yang membanggakan.proud of you Pak.,0,0,0,402
@PesonaNegeriku2,2024-09-23-18:23:03,"Terima kasih banyak Presiden Jokowi, atas komitmen dan capaian pembangunan yang telah berdampak secara masif terhadap kemajuan perekonomian RI.#TerimaKasihPakJokowi #KerjaNyata #IndonesiaSentris #PrestasiJokowi #JokowiBerdedikasi #IndonesiaMaju #KerjaNyataJokowi #PrabowoGibran",0,0,0,8
@rikywolf444,2024-09-23-18:18:53,"Pdt. Jehezkiel Gede (Anggota FKUB NTT Perwakilan Agama Kristen/PGI) mengucapkan terima kasih kepada Presiden Jokowi atas dedikasi dan perhatian selama 10 tahun kepemimpinannya yang telah membawa kemajuan signifikan bagi Provinsi NTT, terutama dalam infrastruktur dan pariwisata.",0,0,1,15
@JunaidiYudie,2024-09-23-17:37:17,Ke pak  gk kasih ucapan terima kasih jg bu? ,1,0,0,675
@tirianto789,2024-09-23-16:45:08,"Terima kasih p jokowi harga beras naik, obat  dan dokter mahal, sekolah magal.. dollar dr 11rb jmn sby jd 16rb, upah buruh UMR jmn SBY tiap bln ada lbh bisa nabung skrg cm 15 hari ngutang kasbon.. bensin gak ad lg yg 7rb.. 

Jaman jokowi cm buzzer yg untung..",0,0,0,74
@GraciaZaza,2024-09-23-16:27:32,"Terima kasih banyak Presiden Jokowi, atas komitmen dan capaian pembangunan yang telah berdampak secara masif terhadap kemajuan perekonomian RI.",0,0,0,9
@GraciaZaza,2024-09-23-16:16:09,"Hal ini menunjukkan bahwa kinerja Presiden Jokowi selama ini bersifat menyeluruh bagi seluruh bangsa. Terima kasih Pak Jokowi, atas kerja nyata dan dedikasi penuh untuk Indonesia.",0,0,0,8
@posaktualcom,2024-09-23-16:15:37,"Katakan Terima Kasih untuk Jokowi, Tapi Tidak untuk Mulyono",0,0,0,8
@Titik__R,2024-09-23-16:01:38,"Terima kasih Pak Jokowi, atas kerja nyata dan dedikasi penuh untuk Indonesia.#TerimaKasihPakJokowi #KerjaNyata  #IndonesiaSentris #PrestasiJokowi #JokowiBerdedikasi #IndonesiaMaju #KerjaNyataJokowi",0,0,5,11
@CintyaKirana32,2024-09-23-16:00:04,"Terima kasih, Pak Jokowi, atas kebijakan yang mendorong inovasi dan kemajuan teknologi di Indonesia. #terimakasihJokowi #NusantaraMajuIndonesiaMaju #IndonesiaMaju",0,0,0,19
@TitahPandita,2024-09-23-15:59:53,"Terima kasih banyak Presiden Jokowi, atas komitmen dan capaian pembangunan yang telah berdampak secara masif terhadap kemajuan perekonomian RI. #TerimaKasihPakJokowi #KerjaNyata  #IndonesiaSentris #PrestasiJokowi #JokowiBerdedikasi #IndonesiaMaju #KerjaNyataJokowi",0,0,0,7
@IrihamYauna,2024-09-23-15:59:20,"Terima kasih banyak Presiden Jokowi, atas komitmen dan capaian pembangunan yang telah berdampak secara masif terhadap kemajuan perekonomian RI. Selanjutnya, mari mendukung masa transisi guna mendorong kelanjutan pembangunan di masa mendatang. #TerimaKasihPakJokowi #KerjaNyata",0,0,0,7
@ZAMRIEDGN,2024-09-23-15:55:46,"Terima kasih banyak Presiden Jokowi, atas komitmen dan capaian pembangunan yang telah berdampak secara masif terhadap kemajuan perekonomian RI.#TerimaKasihPakJokowi #KerjaNyata  #IndonesiaSentris #PrestasiJokowi #JokowiBerdedikasi #IndonesiaMaju #KerjaNyataJokowi #PrabowoGibran",0,0,0,7
@ManassaDaeng,2024-09-23-15:48:34,"Terima kasih Pak Jokowi, pengangguran makin meningkat..
ekonomi meroket?",0,0,1,39
@kusumaputri9898,2024-09-23-15:23:24,"Terima kasih banyak Presiden Jokowi,komitmen dan capaian pembangunan yang telah berdampak terhadap kemajuan perekonomian RI. #TerimaKasihPakJokowi #KerjaNyata  #IndonesiaSentris #PrestasiJokowi #JokowiBerdedikasi #IndonesiaMaju #KerjaNyataJokowi #PrabowoGibran #IndonesiaEmas2045",0,0,1,11
@DivHumas_Polri,2024-09-23-15:06:00,"Keberhasilan pembebasan Pilot Philip adalah hasil dari dedikasi, kerja keras, dan keberanian luar biasa dari seluruh personel TNI-Polri. Kami mengucapkan terima kasih kepada semua pihak yang telah memberikan dukungan penuh, baik dari masyarakat maupun rekan-rekan institusi",0,0,0,75
@DivHumas_Polri,2024-09-23-15:05:16,"Keberhasilan pembebasan sandera ini adalah hasil dari dedikasi, kerja keras, dan keberanian luar biasa dari seluruh personel TNI-Polri. Kami mengucapkan terima kasih kepada semua pihak yang telah memberikan dukungan penuh, baik dari masyarakat maupun rekan-rekan institusi",0,0,0,60
@DivHumas_Polri,2024-09-23-15:03:54,Keberhasilan ini adalah cerminan dari komitmen kami untuk selalu berada di garda terdepan dalam melindungi masyarakat dan menjaga keamanan negara. Terima kasih kepada anggota TNI-Polri yang tergabung dalam Ops Paro dan Damai Cartenz yang telah berkolaborasi dengan baik dalam,0,0,0,46
@backproperties,2024-09-23-15:00:45,Terima kasih Presiden Jokowi atas dedikasi dan capaian pembangunan yang telah berdampak masif terhadap kemajuan perekonomian RI. #TerimaKasihPakJokowi #IndonesiaSentris #PrestasiJokowi #JokowiBerdedikasi #IndonesiaMaju #KerjaNyataJokowi #PrabowoGibran #IndonesiaEmas2045,0,0,0,16
@jordi_danny,2024-09-23-14:56:05,Kepala lingkungan Tebing tinggi mengucapkan terima kasih kepada Pak Jokowi atas kinerja selama ini,0,0,1,8
@DivHumas_Polri,2024-09-23-14:55:37,Keberhasilan anggota TNI-Polri yang tergabung dalam Ops Paro dan Damai Cartenz pembebasan Pilot Philip merupakan bukti nyata bahwa TNI dan Polri selalu siap siaga dalam menjaga keamanan dan melindungi masyarakat. Terima kasih kepada masyarakat yang memberikan dukungan dan doa.,0,0,0,59
@Nndraee07,2024-09-23-14:52:41,Terima kasih  atas program memiskinkan rakyat dg merata n menyeluruh yg krn kemiskinannya rakyat jd biadab,1,1,1,69
@DintarSyahdu,2024-09-23-14:52:09,"Ucapan terima kasih dari Masyarakat John Itlay (Anggota DPRD Yalimo 2020 - 2024) kepada Presiden Jokowi karena telah membawa perubahan di Papua selama 1 Dekade masa kepemimpinan, serta dukungan untuk pemerintahan selanjutnya #Jokowi #papua #indonesia #prabowo #nkri",0,0,1,41
@KumalaSari0447,2024-09-23-14:46:39,Terima kasih Presiden Jokowi Atas Segala Capaian yang telah diraih.,0,0,0,18
@DivHumas_Polri,2024-09-23-14:45:09,"Atas nama Polri, kami mengucapkan terima kasih yang sebesar-besarnya atas dukungan dan apresiasi yang diberikan terkait upaya pembebasan pilot Philip. Keberhasilan ini adalah hasil kerja sama yang solid antara Polri, TNI, dan seluruh pihak yang terlibat. Kami berkomitmen untuk",0,0,0,43
@DintarSyahdu,2024-09-23-14:36:07,"Ucapan terima kasih dari Masyarakat Papua Frids Samuel Afrayan (Ketua BMP RI Kab. Biak Numfor) kepada Presiden Jokowi selama 1 Dekade masa kepemimpinan karena telah membawa perubahan di Papua, serta dukungan untuk pemerintahan selanjutnya #Jokowi #papua #indonesia #prabowo #nkri",0,0,0,42
@jordi_danny,2024-09-23-14:34:51,Terima kasih Pak Jokowi atas pengabdiannya,0,0,1,6
@agustianalief03,2024-09-23-14:32:32,"Hal ini menunjukkan bahwa kinerja Presiden Jokowi selama ini bersifat menyeluruh bagi seluruh bangsa. Terima kasih Pak Jokowi, atas kerja nyata dan dedikasi penuh untuk Indonesia. #TerimaKasihPakJokowi #KerjaNyata",0,0,0,3
@Indah05209372,2024-09-23-14:31:13,"Terima kasih banyak Presiden Jokowi, atas komitmen dan capaian pembangunan yang telah berdampak secara masif terhadap#TerimaKasihPakJokowi #KerjaNyata  #IndonesiaSentris #PrestasiJokowi #JokowiBerdedikasi #IndonesiaMaju #KerjaNyataJokowi #PrabowoGibran #IndonesiaEmas2045",0,0,1,7
@agustianalief03,2024-09-23-14:29:39,"Terima kasih banyak Presiden Jokowi, atas komitmen dan capaian pembangunan yang telah berdampak secara masif terhadap kemajuan perekonomian RI. 
 #JokowiBerdedikasi #IndonesiaMaju",0,0,0,2
@ClaraPu19417438,2024-09-23-14:18:25,Terima Kasih Presiden Jokowi,0,0,0,10
@Adv_ERAT,2024-09-23-14:09:41,"terima kasih      

CC: Bapak Presiden Republik Indonesia Ir.    Sosok Masriwati, ASN Eselon 3 yang Viral Karena Diduga Larang Jemaat Kristen Beribadah di Rumah. https://kilat.com/nasional/84413593328/sosok-masriwati-asn-eselon-3-yang-viral-karena-diduga-larang-jemaat-kristen-beribadah-di-rumah…",0,0,0,19
